<metadata xml:lang="es"><Esri><CreaDate>20220430</CreaDate><CreaTime>19185000</CreaTime><SyncOnce>FALSE</SyncOnce><DataProperties><lineage><Process ToolSource="C:\Archivos de programa\ArcGIS\ArcToolbox\Toolboxes\Data Management Tools.tbx\Append" Date="20100527" Time="202624">Append 'X:\BACKUP\ENTREGA2 FILE\ELEMENTOS2.gdb\Superficies_Agua\Drenaje_Doble' "X:\BACKUP\ENTREGA2 FILE\ENTREGA2.gdb\Superficies_Agua\Drenaje_Doble" NO_TEST # "X:\BACKUP\ENTREGA2 FILE\ENTREGA2.gdb\Superficies_Agua\Drenaje_Doble"</Process><Process ToolSource="C:\Archivos de programa\ArcGIS\ArcToolbox\Toolboxes\Data Management Tools.tbx\Append" Date="20100527" Time="205555">Append 'V:\ECOPETROL 2010\FILE GEODATABASE\ENTREGA 2\BLOQUE4.gdb\Superficies_Agua\Drenaje_Doble' "V:\ECOPETROL 2010\FILE GEODATABASE\ENTREGA FINAL\ENTREGA2.gdb\Superficies_Agua\Drenaje_Doble" NO_TEST # "V:\ECOPETROL 2010\FILE GEODATABASE\ENTREGA FINAL\ENTREGA2.gdb\Superficies_Agua\Drenaje_Doble"</Process><Process ToolSource="C:\Archivos de programa\ArcGIS\ArcToolbox\Toolboxes\Data Management Tools.tbx\Append" Date="20100527" Time="210314">Append 'V:\ECOPETROL 2010\FILE GEODATABASE\ENTREGA 2\BLOQUE5.gdb\Superficies_Agua\Drenaje_Doble' "V:\ECOPETROL 2010\FILE GEODATABASE\ENTREGA FINAL\ENTREGA2.gdb\Superficies_Agua\Drenaje_Doble" NO_TEST # "V:\ECOPETROL 2010\FILE GEODATABASE\ENTREGA FINAL\ENTREGA2.gdb\Superficies_Agua\Drenaje_Doble"</Process><Process ToolSource="C:\Archivos de programa\ArcGIS\ArcToolbox\Toolboxes\Data Management Tools.tbx\Append" Date="20100616" Time="161914">Append 'V:\ECOPETROL 2010\FILE GEODATABASE\ENTREGA 3\EDIER.gdb\Superficies_Agua\Drenaje_Doble' "V:\ECOPETROL 2010\FILE GEODATABASE\ENTREGA FINAL\ENTREGA3.gdb\Superficies_Agua\Drenaje_Doble" NO_TEST # "V:\ECOPETROL 2010\FILE GEODATABASE\ENTREGA FINAL\ENTREGA3.gdb\Superficies_Agua\Drenaje_Doble"</Process><Process ToolSource="C:\Archivos de programa\ArcGIS\ArcToolbox\Toolboxes\Data Management Tools.tbx\Append" Date="20100616" Time="162522">Append 'V:\ECOPETROL 2010\FILE GEODATABASE\ENTREGA 3\IVAN.gdb\Superficies_Agua\Drenaje_Doble' "V:\ECOPETROL 2010\FILE GEODATABASE\ENTREGA FINAL\ENTREGA3.gdb\Superficies_Agua\Drenaje_Doble" NO_TEST # "V:\ECOPETROL 2010\FILE GEODATABASE\ENTREGA FINAL\ENTREGA3.gdb\Superficies_Agua\Drenaje_Doble"</Process><Process ToolSource="C:\Archivos de programa\ArcGIS\ArcToolbox\Toolboxes\Data Management Tools.tbx\Append" Date="20100616" Time="163200">Append 'V:\ECOPETROL 2010\FILE GEODATABASE\ENTREGA 3\LILIANA.gdb\Superficies_Agua\Drenaje_Doble' "V:\ECOPETROL 2010\FILE GEODATABASE\ENTREGA FINAL\ENTREGA3.gdb\Superficies_Agua\Drenaje_Doble" NO_TEST # "V:\ECOPETROL 2010\FILE GEODATABASE\ENTREGA FINAL\ENTREGA3.gdb\Superficies_Agua\Drenaje_Doble"</Process><Process ToolSource="C:\Archivos de programa\ArcGIS\ArcToolbox\Toolboxes\Data Management Tools.tbx\Append" Date="20100617" Time="130611">Append 'V:\ECOPETROL 2010\FILE GEODATABASE\ENTREGA 3\ELIANA.gdb\Superficies_Agua\Drenaje_Doble' "V:\ECOPETROL 2010\FILE GEODATABASE\ENTREGA 3\ENTREGA3.gdb\Superficies_Agua\Drenaje_Doble" NO_TEST # "V:\ECOPETROL 2010\FILE GEODATABASE\ENTREGA 3\ENTREGA3.gdb\Superficies_Agua\Drenaje_Doble"</Process><Process ToolSource="C:\Archivos de programa\ArcGIS\ArcToolbox\Toolboxes\Data Management Tools.tbx\Append" Date="20100624" Time="185231">Append 'V:\ECOPETROL 2010\FILE GEODATABASE\ENTREGA 3\ENTREGA3-2.gdb\Superficies_Agua\Drenaje_Doble' Z:\TRANSFERENCIAS\Daissy\PEDRO\ENTREGA3.gdb\Superficies_Agua\Drenaje_Doble NO_TEST # Z:\TRANSFERENCIAS\Daissy\PEDRO\ENTREGA3.gdb\Superficies_Agua\Drenaje_Doble</Process><Process ToolSource="C:\Archivos de programa\ArcGIS\ArcToolbox\Toolboxes\Data Management Tools.tbx\Append" Date="20100629" Time="164730">Append 'V:\ECOPETROL 2010\FILE GEODATABASE\ENTREGA 3\ANGELA.gdb\Superficies_Agua\Drenaje_Doble' "V:\ECOPETROL 2010\FILE GEODATABASE\ENTREGA 3\ENTREGA3.gdb\Superficies_Agua\Drenaje_Doble" NO_TEST # "V:\ECOPETROL 2010\FILE GEODATABASE\ENTREGA 3\ENTREGA3.gdb\Superficies_Agua\Drenaje_Doble"</Process><Process ToolSource="C:\Archivos de programa\ArcGIS\ArcToolbox\Toolboxes\Data Management Tools.tbx\Append" Date="20100629" Time="165351">Append 'V:\ECOPETROL 2010\FILE GEODATABASE\ENTREGA 4\CAMILO.gdb\Superficies_Agua\Drenaje_Doble' "V:\ECOPETROL 2010\FILE GEODATABASE\ENTREGA 3\ENTREGA3.gdb\Superficies_Agua\Drenaje_Doble" NO_TEST # "V:\ECOPETROL 2010\FILE GEODATABASE\ENTREGA 3\ENTREGA3.gdb\Superficies_Agua\Drenaje_Doble"</Process><Process ToolSource="C:\Archivos de programa\ArcGIS\ArcToolbox\Toolboxes\Data Management Tools.tbx\Append" Date="20100629" Time="170016">Append 'V:\ECOPETROL 2010\FILE GEODATABASE\ENTREGA 4\EDIER.gdb\Superficies_Agua\Drenaje_Doble' "V:\ECOPETROL 2010\FILE GEODATABASE\ENTREGA 3\ENTREGA3.gdb\Superficies_Agua\Drenaje_Doble" NO_TEST # "V:\ECOPETROL 2010\FILE GEODATABASE\ENTREGA 3\ENTREGA3.gdb\Superficies_Agua\Drenaje_Doble"</Process><Process ToolSource="C:\Archivos de programa\ArcGIS\ArcToolbox\Toolboxes\Data Management Tools.tbx\Append" Date="20100629" Time="170922">Append 'V:\ECOPETROL 2010\FILE GEODATABASE\ENTREGA 4\LILIANA.gdb\Superficies_Agua\Drenaje_Doble' "V:\ECOPETROL 2010\FILE GEODATABASE\ENTREGA 3\ENTREGA3.gdb\Superficies_Agua\Drenaje_Doble" NO_TEST # "V:\ECOPETROL 2010\FILE GEODATABASE\ENTREGA 3\ENTREGA3.gdb\Superficies_Agua\Drenaje_Doble"</Process><Process ToolSource="C:\Archivos de programa\ArcGIS\ArcToolbox\Toolboxes\Data Management Tools.tbx\Append" Date="20100630" Time="073712">Append 'V:\ECOPETROL 2010\FILE GEODATABASE\ENTREGA 3\IVAN\Entrega3.gdb\Superficies_Agua\Drenaje_Doble' "V:\ECOPETROL 2010\FILE GEODATABASE\ENTREGA 3\ENTREGA3.gdb\Superficies_Agua\Drenaje_Doble" NO_TEST # "V:\ECOPETROL 2010\FILE GEODATABASE\ENTREGA 3\ENTREGA3.gdb\Superficies_Agua\Drenaje_Doble"</Process><Process ToolSource="C:\Archivos de programa\ArcGIS\ArcToolbox\Toolboxes\Data Management Tools.tbx\Append" Date="20100701" Time="070918">Append 'V:\ECOPETROL 2010\FILE GEODATABASE\ENTREGA 4\ENTREGA4.gdb\Superficies_Agua\Drenaje_Doble' "V:\ECOPETROL 2010\FILE GEODATABASE\ENTREGA 4\TOPOLOGIA EDIER\ENTREGA3.gdb\Superficies_Agua\Drenaje_Doble" NO_TEST # "V:\ECOPETROL 2010\FILE GEODATABASE\ENTREGA 4\TOPOLOGIA EDIER\ENTREGA3.gdb\Superficies_Agua\Drenaje_Doble"</Process><Process ToolSource="C:\Archivos de programa\ArcGIS\Desktop10.0\ArcToolbox\Toolboxes\Data Management Tools.tbx\RepairGeometry" Date="20110707" Time="115657">RepairGeometry "X:\ACTUALIZACION DE LA BASE CARTOGRAFICA\CONTROL DE CALIDAD GRAFICO\FILE\100K_INTEGRADA.gdb\Superficies_Agua\Drenaje_Doble" DELETE_NULL</Process><Process ToolSource="C:\Archivos de programa\ArcGIs\Desktop10.0\ArcToolbox\Toolboxes\Data Management Tools.tbx\JoinField" Date="20110805" Time="174942">JoinField D:\Proyecto\EDICION\100K_Nueva\100K_INTEGRADA.gdb\Superficies_Agua\Drenaje_Doble OBJECTID D:\Proyecto\EDICION\100K_Nueva\GEOGRAFIA_MAR_17_2011.gdb\Superficies_Agua\Drenaje_Doble ID_MULTI ID_MULTI;BK_MULTI;ESCALA</Process><Process ToolSource="C:\Archivos de programa\ArcGIs\Desktop10.0\ArcToolbox\Toolboxes\Data Management Tools.tbx\DeleteField" Date="20110808" Time="164640">DeleteField D:\Proyecto\EDICION\100K_Nueva\Modelo_08_08_2011.gdb\Superficies_Agua\Drenaje_Doble CAMBIO</Process><Process ToolSource="C:\Archivos de programa\ArcGIs\Desktop10.0\ArcToolbox\Toolboxes\Data Management Tools.tbx\AddField" Date="20110808" Time="172636">AddField D:\Proyecto\EDICION\100K_Nueva\Modelo_08_08_2011.gdb\Superficies_Agua\Drenaje_Doble ID_MULTI LONG 9 # # # NULLABLE NON_REQUIRED #</Process><Process ToolSource="C:\Archivos de programa\ArcGIs\Desktop10.0\ArcToolbox\Toolboxes\Data Management Tools.tbx\AddField" Date="20110808" Time="172640">AddField D:\Proyecto\EDICION\100K_Nueva\Modelo_08_08_2011.gdb\Superficies_Agua\Drenaje_Doble BK_MULTI TEXT 20 # # # NULLABLE NON_REQUIRED #</Process><Process ToolSource="C:\Archivos de programa\ArcGIs\Desktop10.0\ArcToolbox\Toolboxes\Data Management Tools.tbx\AddField" Date="20110808" Time="172644">AddField D:\Proyecto\EDICION\100K_Nueva\Modelo_08_08_2011.gdb\Superficies_Agua\Drenaje_Doble ESCALA SHORT 9 # # # NULLABLE NON_REQUIRED #</Process><Process ToolSource="C:\Archivos de programa\ArcGIs\Desktop10.0\ArcToolbox\Toolboxes\Data Management Tools.tbx\AddField" Date="20110808" Time="172648">AddField D:\Proyecto\EDICION\100K_Nueva\Modelo_08_08_2011.gdb\Superficies_Agua\Drenaje_Doble CAMBIO TEXT 100 # # # NULLABLE NON_REQUIRED #</Process><Process ToolSource="C:\Archivos de programa\ArcGIs\Desktop10.0\ArcToolbox\Toolboxes\Data Management Tools.tbx\AddField" Date="20110808" Time="172652">AddField D:\Proyecto\EDICION\100K_Nueva\Modelo_08_08_2011.gdb\Superficies_Agua\Drenaje_Doble VIGENCIA TEXT 2 # # # NULLABLE NON_REQUIRED #</Process><Process ToolSource="C:\Archivos de programa\ArcGIs\Desktop10.0\ArcToolbox\Toolboxes\Data Management Tools.tbx\AddField" Date="20110808" Time="172656">AddField D:\Proyecto\EDICION\100K_Nueva\Modelo_08_08_2011.gdb\Superficies_Agua\Drenaje_Doble FECHA_MODIFICACION DATE # # # # NULLABLE NON_REQUIRED #</Process><Process ToolSource="C:\Archivos de programa\ArcGIs\Desktop10.0\ArcToolbox\Toolboxes\Data Management Tools.tbx\AssignDomainToField" Date="20110808" Time="182203">AssignDomainToField D:\Proyecto\EDICION\100K_Nueva\Modelo_08_08_2011.gdb\Superficies_Agua\Drenaje_Doble CAMBIO Dom_Cambios #</Process><Process ToolSource="C:\Archivos de programa\ArcGIs\Desktop10.0\ArcToolbox\Toolboxes\Data Management Tools.tbx\AssignDomainToField" Date="20110808" Time="183730">AssignDomainToField D:\Proyecto\EDICION\100K_Nueva\Modelo_08_08_2011.gdb\Superficies_Agua\Drenaje_Doble VIGENCIA Dom_Vigencia #</Process><Process ToolSource="C:\Archivos de programa\ArcGIs\Desktop10.0\ArcToolbox\Toolboxes\Data Management Tools.tbx\Append" Date="20110808" Time="194943">Append D:\Proyecto\EDICION\100K_Nueva\100K_INTEGRADA_Modificada_5_8.gdb\Superficies_Agua\Drenaje_Doble D:\Proyecto\EDICION\100K_Nueva\Sin_Anotaciones.gdb\Superficies_Agua\Drenaje_Doble NO_TEST "NOMBRE_GEOGRAFICO "NMG" true true false 50 Text 0 0 ,First,#,D:\Proyecto\EDICION\100K_Nueva\100K_INTEGRADA_Modificada_5_8.gdb\Superficies_Agua\Drenaje_Doble,NOMBRE_GEOGRAFICO,-1,-1;PROYECTO "PROYECTO" true true false 30 Text 0 0 ,First,#,D:\Proyecto\EDICION\100K_Nueva\100K_INTEGRADA_Modificada_5_8.gdb\Superficies_Agua\Drenaje_Doble,PROYECTO,-1,-1;SYMBOL "Symbol" true true false 255 Text 0 0 ,First,#,D:\Proyecto\EDICION\100K_Nueva\100K_INTEGRADA_Modificada_5_8.gdb\Superficies_Agua\Drenaje_Doble,SYMBOL,-1,-1;FECHA "FECHA" true true false 8 Date 0 0 ,First,#,D:\Proyecto\EDICION\100K_Nueva\100K_INTEGRADA_Modificada_5_8.gdb\Superficies_Agua\Drenaje_Doble,FECHA,-1,-1;RuleID "RuleID" true true true 4 Long 0 0 ,First,#,D:\Proyecto\EDICION\100K_Nueva\100K_INTEGRADA_Modificada_5_8.gdb\Superficies_Agua\Drenaje_Doble,RuleID,-1,-1;Override "Override" true true true 0 Blob 0 0 ,First,#,D:\Proyecto\EDICION\100K_Nueva\100K_INTEGRADA_Modificada_5_8.gdb\Superficies_Agua\Drenaje_Doble,Override,-1,-1;ID_MULTI "ID_MULTI" true true false 4 Long 0 0 ,First,#,D:\Proyecto\EDICION\100K_Nueva\100K_INTEGRADA_Modificada_5_8.gdb\Superficies_Agua\Drenaje_Doble,ID_MULTI,-1,-1;BK_MULTI "BK_MULTI" true true false 3 Text 0 0 ,First,#,D:\Proyecto\EDICION\100K_Nueva\100K_INTEGRADA_Modificada_5_8.gdb\Superficies_Agua\Drenaje_Doble,BK_MULTI,-1,-1;ESCALA "ESCALA" true true false 2 Short 0 0 ,First,#,D:\Proyecto\EDICION\100K_Nueva\100K_INTEGRADA_Modificada_5_8.gdb\Superficies_Agua\Drenaje_Doble,ESCALA,-1,-1;CAMBIO "CAMBIO" true true false 255 Text 0 0 ,First,#,D:\Proyecto\EDICION\100K_Nueva\100K_INTEGRADA_Modificada_5_8.gdb\Superficies_Agua\Drenaje_Doble,CAMBIO,-1,-1;VIGENCIA "VIGENCIA" true true false 255 Text 0 0 ,First,#;FECHA_MODIFICACION "FECHA_MODIFICACION" true true false 8 Date 0 0 ,First,#;SHAPE_Length "SHAPE_Length" false true true 8 Double 0 0 ,First,#,D:\Proyecto\EDICION\100K_Nueva\100K_INTEGRADA_Modificada_5_8.gdb\Superficies_Agua\Drenaje_Doble,SHAPE_Length,-1,-1;SHAPE_Area "SHAPE_Area" false true true 8 Double 0 0 ,First,#,D:\Proyecto\EDICION\100K_Nueva\100K_INTEGRADA_Modificada_5_8.gdb\Superficies_Agua\Drenaje_Doble,SHAPE_Area,-1,-1" #</Process><Process ToolSource="C:\Archivos de programa\ArcGIs\Desktop10.0\ArcToolbox\Toolboxes\Data Management Tools.tbx\CopyFeatures" Date="20110809" Time="102532">CopyFeatures D:\Proyecto\EDICION\100K_Nueva\Sin_Anotaciones.gdb\Superficies_Agua\Drenaje_Doble D:\Proyecto\EDICION\100K_Nueva\Ultima.gdb\Superficies_Agua\Drenaje_Doble # 0 0 0</Process><Process ToolSource="C:\Archivos de programa\ArcGIs\Desktop10.0\ArcToolbox\Toolboxes\Analysis Tools.tbx\Clip" Date="20110913" Time="174142">Clip "D:\Proyecto\EDICION\100K_Ultima_version\Nueva Integracion\Ultima.gdb\Superficies_Agua\Drenaje_Doble" D:\Proyecto\EDICION\100K_Ultima_version\Bloques.shp "D:\Proyecto\EDICION\100K_Ultima_version\Nueva Integracion\Bloque_Faltante.gdb\Superficies_Agua\Drenaje_Doble" #</Process><Process ToolSource="C:\Archivos de programa\ArcGIs\Desktop10.0\ArcToolbox\Toolboxes\Data Management Tools.tbx\Append" Date="20110914" Time="163655">Append 'D:\Proyecto\EDICION\100K_Ultima_version\Nueva Integracion\bloque1.gdb\Superficies_Agua\Drenaje_Doble' "D:\Proyecto\EDICION\100K_Ultima_version\Nueva Integracion\Bloque_Faltante.gdb\Superficies_Agua\Drenaje_Doble" NO_TEST "NOMBRE_GEOGRAFICO "NMG" true true false 50 Text 0 0 ,First,#,D:\Proyecto\EDICION\100K_Ultima_version\Nueva Integracion\bloque1.gdb\Superficies_Agua\Drenaje_Doble,NOMBRE_GEOGRAFICO,-1,-1;PROYECTO "PROYECTO" true true false 30 Text 0 0 ,First,#,D:\Proyecto\EDICION\100K_Ultima_version\Nueva Integracion\bloque1.gdb\Superficies_Agua\Drenaje_Doble,PROYECTO,-1,-1;SYMBOL "Symbol" true true false 255 Text 0 0 ,First,#,D:\Proyecto\EDICION\100K_Ultima_version\Nueva Integracion\bloque1.gdb\Superficies_Agua\Drenaje_Doble,SYMBOL,-1,-1;FECHA "FECHA" true true false 8 Date 0 0 ,First,#,D:\Proyecto\EDICION\100K_Ultima_version\Nueva Integracion\bloque1.gdb\Superficies_Agua\Drenaje_Doble,FECHA,-1,-1;RuleID "RuleID" true true false 4 Long 0 0 ,First,#,D:\Proyecto\EDICION\100K_Ultima_version\Nueva Integracion\bloque1.gdb\Superficies_Agua\Drenaje_Doble,RuleID,-1,-1;Override "Override" true true false 0 Blob 0 0 ,First,#,D:\Proyecto\EDICION\100K_Ultima_version\Nueva Integracion\bloque1.gdb\Superficies_Agua\Drenaje_Doble,Override,-1,-1;ID_MULTI "ID_MULTI" true true false 4 Long 0 0 ,First,#,D:\Proyecto\EDICION\100K_Ultima_version\Nueva Integracion\bloque1.gdb\Superficies_Agua\Drenaje_Doble,ID_MULTI,-1,-1;BK_MULTI "BK_MULTI" true true false 3 Text 0 0 ,First,#,D:\Proyecto\EDICION\100K_Ultima_version\Nueva Integracion\bloque1.gdb\Superficies_Agua\Drenaje_Doble,BK_MULTI,-1,-1;ESCALA "ESCALA" true true false 2 Short 0 0 ,First,#,D:\Proyecto\EDICION\100K_Ultima_version\Nueva Integracion\bloque1.gdb\Superficies_Agua\Drenaje_Doble,ESCALA,-1,-1;CAMBIO "CAMBIO" true true false 255 Text 0 0 ,First,#,D:\Proyecto\EDICION\100K_Ultima_version\Nueva Integracion\bloque1.gdb\Superficies_Agua\Drenaje_Doble,CAMBIO,-1,-1;VIGENCIA "VIGENCIA" true true false 255 Text 0 0 ,First,#,D:\Proyecto\EDICION\100K_Ultima_version\Nueva Integracion\bloque1.gdb\Superficies_Agua\Drenaje_Doble,VIGENCIA,-1,-1;FECHA_MODIFICACION "FECHA_MODIFICACION" true true false 8 Date 0 0 ,First,#,D:\Proyecto\EDICION\100K_Ultima_version\Nueva Integracion\bloque1.gdb\Superficies_Agua\Drenaje_Doble,FECHA_MODIFICACION,-1,-1;SHAPE_Length "SHAPE_Length" false true true 8 Double 0 0 ,First,#,D:\Proyecto\EDICION\100K_Ultima_version\Nueva Integracion\bloque1.gdb\Superficies_Agua\Drenaje_Doble,SHAPE_Length,-1,-1;SHAPE_Area "SHAPE_Area" false true true 8 Double 0 0 ,First,#,D:\Proyecto\EDICION\100K_Ultima_version\Nueva Integracion\bloque1.gdb\Superficies_Agua\Drenaje_Doble,SHAPE_Area,-1,-1" #</Process><Process ToolSource="C:\Archivos de programa\ArcGIs\Desktop10.0\ArcToolbox\Toolboxes\Data Management Tools.tbx\Append" Date="20110914" Time="165206">Append 'D:\Proyecto\EDICION\100K_Ultima_version\Nueva Integracion\BLOQUE2.gdb\Superficies_Agua\Drenaje_Doble' "D:\Proyecto\EDICION\100K_Ultima_version\Nueva Integracion\Bloque_Faltante.gdb\Superficies_Agua\Drenaje_Doble" NO_TEST "NOMBRE_GEOGRAFICO "NMG" true true false 50 Text 0 0 ,First,#,D:\Proyecto\EDICION\100K_Ultima_version\Nueva Integracion\BLOQUE2.gdb\Superficies_Agua\Drenaje_Doble,NOMBRE_GEOGRAFICO,-1,-1;PROYECTO "PROYECTO" true true false 30 Text 0 0 ,First,#,D:\Proyecto\EDICION\100K_Ultima_version\Nueva Integracion\BLOQUE2.gdb\Superficies_Agua\Drenaje_Doble,PROYECTO,-1,-1;SYMBOL "Symbol" true true false 255 Text 0 0 ,First,#,D:\Proyecto\EDICION\100K_Ultima_version\Nueva Integracion\BLOQUE2.gdb\Superficies_Agua\Drenaje_Doble,SYMBOL,-1,-1;FECHA "FECHA" true true false 8 Date 0 0 ,First,#,D:\Proyecto\EDICION\100K_Ultima_version\Nueva Integracion\BLOQUE2.gdb\Superficies_Agua\Drenaje_Doble,FECHA,-1,-1;RuleID "RuleID" true true false 4 Long 0 0 ,First,#,D:\Proyecto\EDICION\100K_Ultima_version\Nueva Integracion\BLOQUE2.gdb\Superficies_Agua\Drenaje_Doble,RuleID,-1,-1;Override "Override" true true false 0 Blob 0 0 ,First,#,D:\Proyecto\EDICION\100K_Ultima_version\Nueva Integracion\BLOQUE2.gdb\Superficies_Agua\Drenaje_Doble,Override,-1,-1;ID_MULTI "ID_MULTI" true true false 4 Long 0 0 ,First,#,D:\Proyecto\EDICION\100K_Ultima_version\Nueva Integracion\BLOQUE2.gdb\Superficies_Agua\Drenaje_Doble,ID_MULTI,-1,-1;BK_MULTI "BK_MULTI" true true false 3 Text 0 0 ,First,#,D:\Proyecto\EDICION\100K_Ultima_version\Nueva Integracion\BLOQUE2.gdb\Superficies_Agua\Drenaje_Doble,BK_MULTI,-1,-1;ESCALA "ESCALA" true true false 2 Short 0 0 ,First,#,D:\Proyecto\EDICION\100K_Ultima_version\Nueva Integracion\BLOQUE2.gdb\Superficies_Agua\Drenaje_Doble,ESCALA,-1,-1;CAMBIO "CAMBIO" true true false 255 Text 0 0 ,First,#,D:\Proyecto\EDICION\100K_Ultima_version\Nueva Integracion\BLOQUE2.gdb\Superficies_Agua\Drenaje_Doble,CAMBIO,-1,-1;VIGENCIA "VIGENCIA" true true false 255 Text 0 0 ,First,#,D:\Proyecto\EDICION\100K_Ultima_version\Nueva Integracion\BLOQUE2.gdb\Superficies_Agua\Drenaje_Doble,VIGENCIA,-1,-1;FECHA_MODIFICACION "FECHA_MODIFICACION" true true false 8 Date 0 0 ,First,#,D:\Proyecto\EDICION\100K_Ultima_version\Nueva Integracion\BLOQUE2.gdb\Superficies_Agua\Drenaje_Doble,FECHA_MODIFICACION,-1,-1;SHAPE_Length "SHAPE_Length" false true true 8 Double 0 0 ,First,#,D:\Proyecto\EDICION\100K_Ultima_version\Nueva Integracion\BLOQUE2.gdb\Superficies_Agua\Drenaje_Doble,SHAPE_Length,-1,-1;SHAPE_Area "SHAPE_Area" false true true 8 Double 0 0 ,First,#,D:\Proyecto\EDICION\100K_Ultima_version\Nueva Integracion\BLOQUE2.gdb\Superficies_Agua\Drenaje_Doble,SHAPE_Area,-1,-1" #</Process><Process ToolSource="C:\Archivos de programa\ArcGIs\Desktop10.0\ArcToolbox\Toolboxes\Data Management Tools.tbx\Append" Date="20110914" Time="170327">Append 'D:\Proyecto\EDICION\100K_Ultima_version\Nueva Integracion\BLOQUE3.gdb\Superficies_Agua\Drenaje_Doble' "D:\Proyecto\EDICION\100K_Ultima_version\Nueva Integracion\Bloque_Faltante.gdb\Superficies_Agua\Drenaje_Doble" NO_TEST "NOMBRE_GEOGRAFICO "NMG" true true false 50 Text 0 0 ,First,#,D:\Proyecto\EDICION\100K_Ultima_version\Nueva Integracion\BLOQUE3.gdb\Superficies_Agua\Drenaje_Doble,NOMBRE_GEOGRAFICO,-1,-1;PROYECTO "PROYECTO" true true false 30 Text 0 0 ,First,#,D:\Proyecto\EDICION\100K_Ultima_version\Nueva Integracion\BLOQUE3.gdb\Superficies_Agua\Drenaje_Doble,PROYECTO,-1,-1;SYMBOL "Symbol" true true false 255 Text 0 0 ,First,#,D:\Proyecto\EDICION\100K_Ultima_version\Nueva Integracion\BLOQUE3.gdb\Superficies_Agua\Drenaje_Doble,SYMBOL,-1,-1;FECHA "FECHA" true true false 8 Date 0 0 ,First,#,D:\Proyecto\EDICION\100K_Ultima_version\Nueva Integracion\BLOQUE3.gdb\Superficies_Agua\Drenaje_Doble,FECHA,-1,-1;RuleID "RuleID" true true false 4 Long 0 0 ,First,#,D:\Proyecto\EDICION\100K_Ultima_version\Nueva Integracion\BLOQUE3.gdb\Superficies_Agua\Drenaje_Doble,RuleID,-1,-1;Override "Override" true true false 0 Blob 0 0 ,First,#,D:\Proyecto\EDICION\100K_Ultima_version\Nueva Integracion\BLOQUE3.gdb\Superficies_Agua\Drenaje_Doble,Override,-1,-1;ID_MULTI "ID_MULTI" true true false 4 Long 0 0 ,First,#,D:\Proyecto\EDICION\100K_Ultima_version\Nueva Integracion\BLOQUE3.gdb\Superficies_Agua\Drenaje_Doble,ID_MULTI,-1,-1;BK_MULTI "BK_MULTI" true true false 3 Text 0 0 ,First,#,D:\Proyecto\EDICION\100K_Ultima_version\Nueva Integracion\BLOQUE3.gdb\Superficies_Agua\Drenaje_Doble,BK_MULTI,-1,-1;ESCALA "ESCALA" true true false 2 Short 0 0 ,First,#,D:\Proyecto\EDICION\100K_Ultima_version\Nueva Integracion\BLOQUE3.gdb\Superficies_Agua\Drenaje_Doble,ESCALA,-1,-1;CAMBIO "CAMBIO" true true false 255 Text 0 0 ,First,#,D:\Proyecto\EDICION\100K_Ultima_version\Nueva Integracion\BLOQUE3.gdb\Superficies_Agua\Drenaje_Doble,CAMBIO,-1,-1;VIGENCIA "VIGENCIA" true true false 255 Text 0 0 ,First,#,D:\Proyecto\EDICION\100K_Ultima_version\Nueva Integracion\BLOQUE3.gdb\Superficies_Agua\Drenaje_Doble,VIGENCIA,-1,-1;FECHA_MODIFICACION "FECHA_MODIFICACION" true true false 8 Date 0 0 ,First,#,D:\Proyecto\EDICION\100K_Ultima_version\Nueva Integracion\BLOQUE3.gdb\Superficies_Agua\Drenaje_Doble,FECHA_MODIFICACION,-1,-1;SHAPE_Length "SHAPE_Length" false true true 8 Double 0 0 ,First,#,D:\Proyecto\EDICION\100K_Ultima_version\Nueva Integracion\BLOQUE3.gdb\Superficies_Agua\Drenaje_Doble,SHAPE_Length,-1,-1;SHAPE_Area "SHAPE_Area" false true true 8 Double 0 0 ,First,#,D:\Proyecto\EDICION\100K_Ultima_version\Nueva Integracion\BLOQUE3.gdb\Superficies_Agua\Drenaje_Doble,SHAPE_Area,-1,-1" #</Process><Process ToolSource="C:\Archivos de programa\ArcGIs\Desktop10.0\ArcToolbox\Toolboxes\Data Management Tools.tbx\Append" Date="20110914" Time="171735">Append 'D:\Proyecto\EDICION\100K_Ultima_version\Nueva Integracion\BLOQUE4.gdb\Superficies_Agua\Drenaje_Doble' "D:\Proyecto\EDICION\100K_Ultima_version\Nueva Integracion\Bloque_Faltante.gdb\Superficies_Agua\Drenaje_Doble" NO_TEST "NOMBRE_GEOGRAFICO "NMG" true true false 50 Text 0 0 ,First,#,D:\Proyecto\EDICION\100K_Ultima_version\Nueva Integracion\BLOQUE4.gdb\Superficies_Agua\Drenaje_Doble,NOMBRE_GEOGRAFICO,-1,-1;PROYECTO "PROYECTO" true true false 30 Text 0 0 ,First,#,D:\Proyecto\EDICION\100K_Ultima_version\Nueva Integracion\BLOQUE4.gdb\Superficies_Agua\Drenaje_Doble,PROYECTO,-1,-1;SYMBOL "Symbol" true true false 255 Text 0 0 ,First,#,D:\Proyecto\EDICION\100K_Ultima_version\Nueva Integracion\BLOQUE4.gdb\Superficies_Agua\Drenaje_Doble,SYMBOL,-1,-1;FECHA "FECHA" true true false 8 Date 0 0 ,First,#,D:\Proyecto\EDICION\100K_Ultima_version\Nueva Integracion\BLOQUE4.gdb\Superficies_Agua\Drenaje_Doble,FECHA,-1,-1;RuleID "RuleID" true true false 4 Long 0 0 ,First,#,D:\Proyecto\EDICION\100K_Ultima_version\Nueva Integracion\BLOQUE4.gdb\Superficies_Agua\Drenaje_Doble,RuleID,-1,-1;Override "Override" true true false 0 Blob 0 0 ,First,#,D:\Proyecto\EDICION\100K_Ultima_version\Nueva Integracion\BLOQUE4.gdb\Superficies_Agua\Drenaje_Doble,Override,-1,-1;ID_MULTI "ID_MULTI" true true false 4 Long 0 0 ,First,#,D:\Proyecto\EDICION\100K_Ultima_version\Nueva Integracion\BLOQUE4.gdb\Superficies_Agua\Drenaje_Doble,ID_MULTI,-1,-1;BK_MULTI "BK_MULTI" true true false 3 Text 0 0 ,First,#,D:\Proyecto\EDICION\100K_Ultima_version\Nueva Integracion\BLOQUE4.gdb\Superficies_Agua\Drenaje_Doble,BK_MULTI,-1,-1;ESCALA "ESCALA" true true false 2 Short 0 0 ,First,#,D:\Proyecto\EDICION\100K_Ultima_version\Nueva Integracion\BLOQUE4.gdb\Superficies_Agua\Drenaje_Doble,ESCALA,-1,-1;CAMBIO "CAMBIO" true true false 255 Text 0 0 ,First,#,D:\Proyecto\EDICION\100K_Ultima_version\Nueva Integracion\BLOQUE4.gdb\Superficies_Agua\Drenaje_Doble,CAMBIO,-1,-1;VIGENCIA "VIGENCIA" true true false 255 Text 0 0 ,First,#,D:\Proyecto\EDICION\100K_Ultima_version\Nueva Integracion\BLOQUE4.gdb\Superficies_Agua\Drenaje_Doble,VIGENCIA,-1,-1;FECHA_MODIFICACION "FECHA_MODIFICACION" true true false 8 Date 0 0 ,First,#,D:\Proyecto\EDICION\100K_Ultima_version\Nueva Integracion\BLOQUE4.gdb\Superficies_Agua\Drenaje_Doble,FECHA_MODIFICACION,-1,-1;SHAPE_Length "SHAPE_Length" false true true 8 Double 0 0 ,First,#,D:\Proyecto\EDICION\100K_Ultima_version\Nueva Integracion\BLOQUE4.gdb\Superficies_Agua\Drenaje_Doble,SHAPE_Length,-1,-1;SHAPE_Area "SHAPE_Area" false true true 8 Double 0 0 ,First,#,D:\Proyecto\EDICION\100K_Ultima_version\Nueva Integracion\BLOQUE4.gdb\Superficies_Agua\Drenaje_Doble,SHAPE_Area,-1,-1" #</Process><Process ToolSource="C:\Archivos de programa\ArcGIs\Desktop10.0\ArcToolbox\Toolboxes\Data Management Tools.tbx\Append" Date="20110914" Time="173034">Append 'D:\Proyecto\EDICION\100K_Ultima_version\Nueva Integracion\BLOQUE5.gdb\Superficies_Agua\Drenaje_Doble' "D:\Proyecto\EDICION\100K_Ultima_version\Nueva Integracion\Bloque_Faltante.gdb\Superficies_Agua\Drenaje_Doble" NO_TEST "NOMBRE_GEOGRAFICO "NMG" true true false 50 Text 0 0 ,First,#,D:\Proyecto\EDICION\100K_Ultima_version\Nueva Integracion\BLOQUE5.gdb\Superficies_Agua\Drenaje_Doble,NOMBRE_GEOGRAFICO,-1,-1;PROYECTO "PROYECTO" true true false 30 Text 0 0 ,First,#,D:\Proyecto\EDICION\100K_Ultima_version\Nueva Integracion\BLOQUE5.gdb\Superficies_Agua\Drenaje_Doble,PROYECTO,-1,-1;SYMBOL "Symbol" true true false 255 Text 0 0 ,First,#,D:\Proyecto\EDICION\100K_Ultima_version\Nueva Integracion\BLOQUE5.gdb\Superficies_Agua\Drenaje_Doble,SYMBOL,-1,-1;FECHA "FECHA" true true false 8 Date 0 0 ,First,#,D:\Proyecto\EDICION\100K_Ultima_version\Nueva Integracion\BLOQUE5.gdb\Superficies_Agua\Drenaje_Doble,FECHA,-1,-1;RuleID "RuleID" true true false 4 Long 0 0 ,First,#,D:\Proyecto\EDICION\100K_Ultima_version\Nueva Integracion\BLOQUE5.gdb\Superficies_Agua\Drenaje_Doble,RuleID,-1,-1;Override "Override" true true false 0 Blob 0 0 ,First,#,D:\Proyecto\EDICION\100K_Ultima_version\Nueva Integracion\BLOQUE5.gdb\Superficies_Agua\Drenaje_Doble,Override,-1,-1;ID_MULTI "ID_MULTI" true true false 4 Long 0 0 ,First,#,D:\Proyecto\EDICION\100K_Ultima_version\Nueva Integracion\BLOQUE5.gdb\Superficies_Agua\Drenaje_Doble,ID_MULTI,-1,-1;BK_MULTI "BK_MULTI" true true false 3 Text 0 0 ,First,#,D:\Proyecto\EDICION\100K_Ultima_version\Nueva Integracion\BLOQUE5.gdb\Superficies_Agua\Drenaje_Doble,BK_MULTI,-1,-1;ESCALA "ESCALA" true true false 2 Short 0 0 ,First,#,D:\Proyecto\EDICION\100K_Ultima_version\Nueva Integracion\BLOQUE5.gdb\Superficies_Agua\Drenaje_Doble,ESCALA,-1,-1;CAMBIO "CAMBIO" true true false 255 Text 0 0 ,First,#,D:\Proyecto\EDICION\100K_Ultima_version\Nueva Integracion\BLOQUE5.gdb\Superficies_Agua\Drenaje_Doble,CAMBIO,-1,-1;VIGENCIA "VIGENCIA" true true false 255 Text 0 0 ,First,#,D:\Proyecto\EDICION\100K_Ultima_version\Nueva Integracion\BLOQUE5.gdb\Superficies_Agua\Drenaje_Doble,VIGENCIA,-1,-1;FECHA_MODIFICACION "FECHA_MODIFICACION" true true false 8 Date 0 0 ,First,#,D:\Proyecto\EDICION\100K_Ultima_version\Nueva Integracion\BLOQUE5.gdb\Superficies_Agua\Drenaje_Doble,FECHA_MODIFICACION,-1,-1;SHAPE_Length "SHAPE_Length" false true true 8 Double 0 0 ,First,#,D:\Proyecto\EDICION\100K_Ultima_version\Nueva Integracion\BLOQUE5.gdb\Superficies_Agua\Drenaje_Doble,SHAPE_Length,-1,-1;SHAPE_Area "SHAPE_Area" false true true 8 Double 0 0 ,First,#,D:\Proyecto\EDICION\100K_Ultima_version\Nueva Integracion\BLOQUE5.gdb\Superficies_Agua\Drenaje_Doble,SHAPE_Area,-1,-1" #</Process><Process ToolSource="C:\Archivos de programa\ArcGIs\Desktop10.0\ArcToolbox\Toolboxes\Data Management Tools.tbx\AddField" Date="20110919" Time="131133">AddField "D:\Proyecto\EDICION\100K_Ultima_version\Nueva Integracion\Integrada_Nueva.gdb\Superficies_Agua\Drenaje_Doble" RESPONSABLE TEXT 255 # # # NULLABLE NON_REQUIRED #</Process><Process ToolSource="C:\Archivos de programa\ArcGIs\Desktop10.0\ArcToolbox\Toolboxes\Data Management Tools.tbx\AddField" Date="20110919" Time="131138">AddField "D:\Proyecto\EDICION\100K_Ultima_version\Nueva Integracion\Integrada_Nueva.gdb\Superficies_Agua\Drenaje_Doble" FECHA_MODIFICACION DATE # # # # NULLABLE NON_REQUIRED #</Process><Process ToolSource="C:\Archivos de programa\ArcGIs\Desktop10.0\ArcToolbox\Toolboxes\Data Management Tools.tbx\AssignDomainToField" Date="20110919" Time="142308">AssignDomainToField "D:\Proyecto\EDICION\100K_Ultima_version\Nueva Integracion\Integrada_Nueva.gdb\Superficies_Agua\Drenaje_Doble" VIGENCIA Dom_Vigencia #</Process><Process ToolSource="C:\Archivos de programa\ArcGIs\Desktop10.0\ArcToolbox\Toolboxes\Data Management Tools.tbx\AddField" Date="20110927" Time="131458">AddField "D:\Proyecto\EDICION\100K_Ultima_version\Nueva Integracion\Backup_Final\Integrada.gdb\Superficies_Agua\Drenaje_Doble" PK_CUE TEXT 255 # # # NULLABLE NON_REQUIRED #</Process><Process ToolSource="C:\Archivos de programa\ArcGIs\Desktop10.0\ArcToolbox\Toolboxes\Data Management Tools.tbx\DeleteField" Date="20110927" Time="132823">DeleteField "D:\Proyecto\EDICION\100K_Ultima_version\Nueva Integracion\Backup_Final\Integrada.gdb\Superficies_Agua\Drenaje_Doble" PK_CUE</Process><Process ToolSource="C:\Archivos de programa\ArcGIs\Desktop10.0\ArcToolbox\Toolboxes\Data Management Tools.tbx\AddField" Date="20110927" Time="132829">AddField "D:\Proyecto\EDICION\100K_Ultima_version\Nueva Integracion\Backup_Final\Integrada.gdb\Superficies_Agua\Drenaje_Doble" PK_CUE DOUBLE # # # # NULLABLE NON_REQUIRED #</Process><Process ToolSource="C:\Archivos de programa\ArcGIs\Desktop10.0\ArcToolbox\Toolboxes\Data Management Tools.tbx\AddField" Date="20110927" Time="135932">AddField "D:\Proyecto\EDICION\100K_Ultima_version\Nueva Integracion\Backup_Final\Integrada.gdb\Superficies_Agua\Drenaje_Doble" PK_CUE DOUBLE # # # # NULLABLE NON_REQUIRED #</Process><Process ToolSource="C:\Program Files (x86)\ArcGIS\Desktop10.0\ArcToolbox\Toolboxes\Data Management Tools.tbx\CopyFeatures" Date="20110928" Time="163554">CopyFeatures J:\Corporativa\27-09-2011\Integrada.gdb\Superficies_Agua\Drenaje_Doble "Database Connections\cienmil@srvgeocarto.sde\ADMCIENMIL.Superficies_Agua\ADMCIENMIL.Drenaje_Doble" # 0 0 0</Process><Process ToolSource="C:\Archivos de programa\ArcGIS\Desktop10.0\ArcToolbox\Toolboxes\Data Management Tools.tbx\CalculateField" Date="20111031" Time="103703">CalculateField Drenaje_Doble NOMBRE_GEOGRAFICO !NOMBRE_GEOGRAFICO!.title() PYTHON_9.3 #</Process><Process ToolSource="C:\Program Files (x86)\ArcGIS\Desktop10.0\ArcToolbox\Toolboxes\Data Management Tools.tbx\CalculateField" Date="20120514" Time="085541">CalculateField Drenaje_Doble RESPONSABLE "DIANA VALLEJO" VB #</Process><Process ToolSource="C:\Program Files (x86)\ArcGIS\Desktop10.0\ArcToolbox\Toolboxes\Data Management Tools.tbx\CalculateField" Date="20120514" Time="103219">CalculateField Drenaje_Doble RESPONSABLE "Oscar Torres" VB #</Process><Process ToolSource="C:\Program Files (x86)\ArcGIS\Desktop10.0\ArcToolbox\Toolboxes\Data Management Tools.tbx\CalculateField" Date="20120514" Time="153045">CalculateField ADMCIENMIL.Drenaje_Doble RESPONSABLE "Oscar Quintero" VB #</Process><Process ToolSource="C:\Program Files (x86)\ArcGIS\Desktop10.0\ArcToolbox\Toolboxes\Data Management Tools.tbx\CalculateField" Date="20120514" Time="164248">CalculateField ADMCIENMIL.Drenaje_Doble RESPONSABLE "Carlos Sedano" VB #</Process><Process ToolSource="C:\Program Files (x86)\ArcGIS\Desktop10.0\ArcToolbox\Toolboxes\Data Management Tools.tbx\CalculateField" Date="20120515" Time="145239">CalculateField ADMCIENMIL.Drenaje_Doble RESPONSABLE "Yenny Hernandez" VB #</Process><Process ToolSource="C:\Program Files (x86)\ArcGIS\Desktop10.0\ArcToolbox\Toolboxes\Data Management Tools.tbx\CalculateField" Date="20120515" Time="151806">CalculateField ADMCIENMIL.Drenaje_Doble RESPONSABLE "Jhon Fredy Ardila" VB #</Process><Process ToolSource="C:\Program Files (x86)\ArcGIS\Desktop10.0\ArcToolbox\Toolboxes\Data Management Tools.tbx\CalculateField" Date="20120515" Time="154253">CalculateField ADMCIENMIL.Drenaje_Doble RESPONSABLE "Juan Camilo Beltran" VB #</Process><Process ToolSource="C:\Program Files (x86)\ArcGIS\Desktop10.0\ArcToolbox\Toolboxes\Data Management Tools.tbx\CalculateField" Date="20120517" Time="122302">CalculateField Drenaje_Doble RESPONSABLE "DIANA VALLEJO" VB #</Process><Process ToolSource="C:\Program Files (x86)\ArcGIS\Desktop10.0\ArcToolbox\Toolboxes\Data Management Tools.tbx\CalculateField" Date="20120627" Time="120544">CalculateField ADMCIENMIL.Drenaje_Doble RESPONSABLE "Diego Chavez" VB #</Process><Process ToolSource="C:\Program Files (x86)\ArcGIS\Desktop10.0\ArcToolbox\Toolboxes\Data Management Tools.tbx\CalculateField" Date="20120627" Time="175801">CalculateField ADMCIENMIL.Drenaje_Doble RESPONSABLE "Juan Camilo Beltrán Cáceres" VB #</Process><Process ToolSource="C:\Program Files (x86)\ArcGIS\Desktop10.0\ArcToolbox\Toolboxes\Data Management Tools.tbx\CalculateField" Date="20120628" Time="180603">CalculateField ADMCIENMIL.Drenaje_Doble RESPONSABLE "Carlos Sedano" VB #</Process><Process ToolSource="C:\Program Files (x86)\ArcGIS\Desktop10.0\ArcToolbox\Toolboxes\Data Management Tools.tbx\CalculateField" Date="20120717" Time="113759">CalculateField Drenaje_Doble PROYECTO NULL VB #</Process><Process ToolSource="C:\Program Files (x86)\ArcGIS\Desktop10.0\ArcToolbox\Toolboxes\Data Management Tools.tbx\CalculateField" Date="20120717" Time="113820">CalculateField Drenaje_Doble RESPONSABLE "Diego Chavez" VB #</Process><Process ToolSource="C:\Program Files (x86)\ArcGIS\Desktop10.0\ArcToolbox\Toolboxes\Data Management Tools.tbx\CalculateField" Date="20121214" Time="192925">CalculateField ADMCIENMIL.Drenaje_Doble RESPONSABLE "Yenny Hernandez" VB #</Process><Process ToolSource="C:\Program Files (x86)\ArcGIS\Desktop10.0\ArcToolbox\Toolboxes\Data Management Tools.tbx\CalculateField" Date="20121218" Time="072908">CalculateField Drenaje_Doble RESPONSABLE "Dayana Patricia Beltrán Fonseca" VB #</Process><Process ToolSource="C:\Program Files (x86)\ArcGIS\Desktop10.0\ArcToolbox\Toolboxes\Data Management Tools.tbx\CalculateField" Date="20121219" Time="131204">CalculateField Drenaje_Doble RESPONSABLE "OSCAR JAVIER TORRES JAIMES" VB #</Process><Process ToolSource="C:\Program Files (x86)\ArcGIS\Desktop10.0\ArcToolbox\Toolboxes\Data Management Tools.tbx\CalculateField" Date="20121219" Time="135758">CalculateField Drenaje_Doble RESPONSABLE "Pedro José Sandoval Sánchez" VB #</Process><Process ToolSource="C:\Program Files (x86)\ArcGIS\Desktop10.0\ArcToolbox\Toolboxes\Data Management Tools.tbx\CalculateField" Date="20121226" Time="121648">CalculateField ADMCIENMIL.Drenaje_Doble RESPONSABLE "Diana Vallejo Narváez" VB #</Process><Process ToolSource="C:\Program Files (x86)\ArcGIS\Desktop10.0\ArcToolbox\Toolboxes\Data Management Tools.tbx\CalculateField" Date="20121227" Time="210627">CalculateField ADMCIENMIL.Drenaje_Doble RESPONSABLE "Diana Vallejo Narváez" VB #</Process><Process ToolSource="C:\Program Files (x86)\ArcGIS\Desktop10.0\ArcToolbox\Toolboxes\Data Management Tools.tbx\CalculateField" Date="20130105" Time="211737">CalculateField ADMCIENMIL.Drenaje_Doble NOMBRE_GEOGRAFICO NULL VB #</Process><Process ToolSource="C:\Program Files (x86)\ArcGIS\Desktop10.0\ArcToolbox\Toolboxes\Data Management Tools.tbx\CalculateField" Date="20130105" Time="211924">CalculateField ADMCIENMIL.Drenaje_Doble RESPONSABLE NULL VB #</Process><Process ToolSource="C:\Program Files (x86)\ArcGIS\Desktop10.0\ArcToolbox\Toolboxes\Data Management Tools.tbx\CalculateField" Date="20130115" Time="171435">CalculateField ADMCIENMIL.Drenaje_Doble NOMBRE_GEOGRAFICO null VB #</Process><Process ToolSource="C:\Program Files (x86)\ArcGIS\Desktop10.0\ArcToolbox\Toolboxes\Data Management Tools.tbx\CalculateField" Date="20130116" Time="120016">CalculateField Drenaje_Doble NOMBRE_GEOGRAFICO NULL VB #</Process><Process ToolSource="C:\Program Files (x86)\ArcGIS\Desktop10.0\ArcToolbox\Toolboxes\Data Management Tools.tbx\CalculateField" Date="20130117" Time="131833">CalculateField ADMCIENMIL.Drenaje_Doble NOMBRE_GEOGRAFICO null VB #</Process><Process ToolSource="C:\Program Files (x86)\ArcGIS\Desktop10.0\ArcToolbox\Toolboxes\Data Management Tools.tbx\CalculateField" Date="20130125" Time="191553">CalculateField ADMCIENMIL.Drenaje_Doble VIGENCIA 1 VB #</Process><Process ToolSource="C:\Program Files (x86)\ArcGIS\Desktop10.0\ArcToolbox\Toolboxes\Data Management Tools.tbx\CalculateField" Date="20130129" Time="101845">CalculateField Drenaje_Doble FECHA NULL VB #</Process><Process ToolSource="C:\Program Files (x86)\ArcGIS\Desktop10.0\ArcToolbox\Toolboxes\Data Management Tools.tbx\CalculateField" Date="20130131" Time="113851">CalculateField Drenaje_Doble NOMBRE_GEOGRAFICO NULL VB #</Process><Process ToolSource="C:\Program Files (x86)\ArcGIS\Desktop10.0\ArcToolbox\Toolboxes\Data Management Tools.tbx\CalculateField" Date="20130709" Time="145005">CalculateField ADMCIENMIL.Drenaje_Doble NOMBRE_GEOGRAFICO !NOMBRE_GEOGRAFICO!.title() PYTHON_9.3 #</Process><Process ToolSource="C:\Program Files (x86)\ArcGIS\Desktop10.0\ArcToolbox\Toolboxes\Data Management Tools.tbx\CalculateField" Date="20130710" Time="164834">CalculateField ADMCIENMIL.Drenaje_Doble NOMBRE_GEOGRAFICO !NOMBRE_GEOGRAFICO!.title() PYTHON_9.3 #</Process><Process ToolSource="C:\Program Files (x86)\ArcGIS\Desktop10.0\ArcToolbox\Toolboxes\Data Management Tools.tbx\CalculateField" Date="20130710" Time="173900">CalculateField ADMCIENMIL.Drenaje_Doble NOMBRE_GEOGRAFICO !NOMBRE_GEOGRAFICO!.title() PYTHON_9.3 #</Process><Process ToolSource="C:\Program Files (x86)\ArcGIS\Desktop10.0\ArcToolbox\Toolboxes\Data Management Tools.tbx\CalculateField" Date="20130710" Time="174014">CalculateField ADMCIENMIL.Drenaje_Doble CAMBIO 2 VB #</Process><Process ToolSource="C:\Program Files (x86)\ArcGIS\Desktop10.0\ArcToolbox\Toolboxes\Data Management Tools.tbx\CalculateField" Date="20130710" Time="194631">CalculateField ADMCIENMIL.Drenaje_Doble SYMBOL null VB #</Process><Process ToolSource="C:\Program Files (x86)\ArcGIS\Desktop10.0\ArcToolbox\Toolboxes\Data Management Tools.tbx\CalculateField" Date="20130710" Time="194636">CalculateField ADMCIENMIL.Drenaje_Doble PROYECTO null VB #</Process><Process ToolSource="C:\Program Files (x86)\ArcGIS\Desktop10.0\ArcToolbox\Toolboxes\Data Management Tools.tbx\CalculateField" Date="20130710" Time="194647">CalculateField ADMCIENMIL.Drenaje_Doble NOMBRE_GEOGRAFICO !NOMBRE_GEOGRAFICO!.title() PYTHON_9.3 #</Process><Process ToolSource="C:\Program Files (x86)\ArcGIS\Desktop10.0\ArcToolbox\Toolboxes\Data Management Tools.tbx\CalculateField" Date="20130711" Time="173514">CalculateField ADMCIENMIL.Drenaje_Doble NOMBRE_GEOGRAFICO !NOMBRE_GEOGRAFICO!.title() PYTHON_9.3 #</Process><Process ToolSource="C:\Program Files (x86)\ArcGIS\Desktop10.0\ArcToolbox\Toolboxes\Data Management Tools.tbx\CalculateField" Date="20130715" Time="192833">CalculateField ADMCIENMIL.Drenaje_Doble PROYECTO null VB #</Process><Process ToolSource="C:\Program Files (x86)\ArcGIS\Desktop10.0\ArcToolbox\Toolboxes\Data Management Tools.tbx\CalculateField" Date="20130715" Time="192851">CalculateField ADMCIENMIL.Drenaje_Doble NOMBRE_GEOGRAFICO !NOMBRE_GEOGRAFICO!.title() PYTHON_9.3 #</Process><Process ToolSource="C:\Program Files (x86)\ArcGIS\Desktop10.0\ArcToolbox\Toolboxes\Data Management Tools.tbx\CalculateField" Date="20130722" Time="185056">CalculateField ADMCIENMIL.Drenaje_Doble NOMBRE_GEOGRAFICO !NOMBRE_GEOGRAFICO!.title() PYTHON_9.3 #</Process><Process ToolSource="C:\Program Files (x86)\ArcGIS\Desktop10.0\ArcToolbox\Toolboxes\Data Management Tools.tbx\CalculateField" Date="20130729" Time="172849">CalculateField ADMCIENMIL.Drenaje_Doble NOMBRE_GEOGRAFICO !NOMBRE_GEOGRAFICO!.title() PYTHON_9.3 #</Process><Process ToolSource="C:\Program Files (x86)\ArcGIS\Desktop10.0\ArcToolbox\Toolboxes\Data Management Tools.tbx\CalculateField" Date="20130729" Time="173103">CalculateField ADMCIENMIL.Drenaje_Doble CAMBIO 2 VB #</Process><Process ToolSource="C:\Program Files (x86)\ArcGIS\Desktop10.0\ArcToolbox\Toolboxes\Data Management Tools.tbx\CalculateField" Date="20130731" Time="172111">CalculateField ADMCIENMIL.Drenaje_Doble PROYECTO [OBJECTID] VB #</Process><Process ToolSource="C:\Program Files (x86)\ArcGIS\Desktop10.0\ArcToolbox\Toolboxes\Data Management Tools.tbx\CalculateField" Date="20130731" Time="172633">CalculateField ADMCIENMIL.Drenaje_Doble PROYECTO NULL VB #</Process><Process ToolSource="C:\Program Files (x86)\ArcGIS\Desktop10.0\ArcToolbox\Toolboxes\Data Management Tools.tbx\CalculateField" Date="20130801" Time="211005">CalculateField ADMCIENMIL.Drenaje_Doble NOMBRE_GEOGRAFICO !NOMBRE_GEOGRAFICO!.title() PYTHON_9.3 #</Process><Process ToolSource="C:\Program Files (x86)\ArcGIS\Desktop10.0\ArcToolbox\Toolboxes\Data Management Tools.tbx\CalculateField" Date="20130808" Time="210457">CalculateField ADMCIENMIL.Drenaje_Doble NOMBRE_GEOGRAFICO !NOMBRE_GEOGRAFICO!.title() PYTHON_9.3 #</Process><Process ToolSource="C:\Program Files (x86)\ArcGIS\Desktop10.0\ArcToolbox\Toolboxes\Data Management Tools.tbx\CalculateField" Date="20130808" Time="210508">CalculateField ADMCIENMIL.Drenaje_Doble PROYECTO null VB #</Process><Process ToolSource="C:\Program Files (x86)\ArcGIS\Desktop10.0\ArcToolbox\Toolboxes\Data Management Tools.tbx\CalculateField" Date="20130814" Time="203157">CalculateField ADMCIENMIL.Drenaje_Doble NOMBRE_GEOGRAFICO !NOMBRE_GEOGRAFICO!.title() PYTHON_9.3 #</Process><Process ToolSource="C:\Program Files (x86)\ArcGIS\Desktop10.0\ArcToolbox\Toolboxes\Data Management Tools.tbx\CalculateField" Date="20130815" Time="162009">CalculateField ADMCIENMIL.Drenaje_Doble PROYECTO [NOMBRE_GEOGRAFICO] VB #</Process><Process ToolSource="C:\Program Files (x86)\ArcGIS\Desktop10.0\ArcToolbox\Toolboxes\Data Management Tools.tbx\CalculateField" Date="20130815" Time="162209">CalculateField ADMCIENMIL.Drenaje_Doble NOMBRE_GEOGRAFICO !NOMBRE_GEOGRAFICO!.title() PYTHON_9.3 #</Process><Process ToolSource="C:\Program Files (x86)\ArcGIS\Desktop10.0\ArcToolbox\Toolboxes\Data Management Tools.tbx\CalculateField" Date="20130815" Time="162706">CalculateField ADMCIENMIL.Drenaje_Doble PROYECTO NULL VB #</Process><Process ToolSource="C:\Program Files (x86)\ArcGIS\Desktop10.0\ArcToolbox\Toolboxes\Data Management Tools.tbx\CalculateField" Date="20130815" Time="194344">CalculateField ADMCIENMIL.Drenaje_Doble PROYECTO [NOMBRE_GEOGRAFICO] VB #</Process><Process ToolSource="C:\Program Files (x86)\ArcGIS\Desktop10.0\ArcToolbox\Toolboxes\Data Management Tools.tbx\CalculateField" Date="20130815" Time="194420">CalculateField ADMCIENMIL.Drenaje_Doble NOMBRE_GEOGRAFICO !NOMBRE_GEOGRAFICO!.title() PYTHON_9.3 #</Process><Process ToolSource="C:\Program Files (x86)\ArcGIS\Desktop10.0\ArcToolbox\Toolboxes\Data Management Tools.tbx\CalculateField" Date="20130815" Time="194802">CalculateField ADMCIENMIL.Drenaje_Doble PROYECTO null VB #</Process><Process ToolSource="C:\Program Files (x86)\ArcGIS\Desktop10.0\ArcToolbox\Toolboxes\Data Management Tools.tbx\CalculateField" Date="20130816" Time="174800">CalculateField ADMCIENMIL.Drenaje_Doble PROYECTO null VB #</Process><Process ToolSource="C:\Program Files (x86)\ArcGIS\Desktop10.0\ArcToolbox\Toolboxes\Data Management Tools.tbx\CalculateField" Date="20130816" Time="174820">CalculateField ADMCIENMIL.Drenaje_Doble NOMBRE_GEOGRAFICO !NOMBRE_GEOGRAFICO!.title() PYTHON_9.3 #</Process><Process ToolSource="C:\Program Files (x86)\ArcGIS\Desktop10.0\ArcToolbox\Toolboxes\Data Management Tools.tbx\CalculateField" Date="20130816" Time="174854">CalculateField ADMCIENMIL.Drenaje_Doble FECHA [NOMBRE_GEOGRAFICO] VB #</Process><Process ToolSource="C:\Program Files (x86)\ArcGIS\Desktop10.0\ArcToolbox\Toolboxes\Data Management Tools.tbx\CalculateField" Date="20130816" Time="174943">CalculateField ADMCIENMIL.Drenaje_Doble NOMBRE_GEOGRAFICO !NOMBRE_GEOGRAFICO!.title() PYTHON_9.3 #</Process><Process ToolSource="C:\Program Files (x86)\ArcGIS\Desktop10.0\ArcToolbox\Toolboxes\Data Management Tools.tbx\CalculateField" Date="20130822" Time="203414">CalculateField ADMCIENMIL.Drenaje_Doble NOMBRE_GEOGRAFICO !NOMBRE_GEOGRAFICO!.title() PYTHON_9.3 #</Process><Process ToolSource="C:\Program Files (x86)\ArcGIS\Desktop10.0\ArcToolbox\Toolboxes\Data Management Tools.tbx\CalculateField" Date="20130822" Time="204825">CalculateField ADMCIENMIL.Drenaje_Doble PROYECTO !NOMBRE_GEOGRAFICO!.title() PYTHON_9.3 #</Process><Process ToolSource="C:\Program Files (x86)\ArcGIS\Desktop10.0\ArcToolbox\Toolboxes\Data Management Tools.tbx\CalculateField" Date="20130822" Time="204844">CalculateField ADMCIENMIL.Drenaje_Doble PROYECTO [NOMBRE_GEOGRAFICO] VB #</Process><Process ToolSource="C:\Program Files (x86)\ArcGIS\Desktop10.0\ArcToolbox\Toolboxes\Data Management Tools.tbx\CalculateField" Date="20130822" Time="204958">CalculateField ADMCIENMIL.Drenaje_Doble NOMBRE_GEOGRAFICO !NOMBRE_GEOGRAFICO!.title() PYTHON_9.3 #</Process><Process ToolSource="C:\Program Files (x86)\ArcGIS\Desktop10.0\ArcToolbox\Toolboxes\Data Management Tools.tbx\CalculateField" Date="20130822" Time="205242">CalculateField ADMCIENMIL.Drenaje_Doble PROYECTO null VB #</Process><Process ToolSource="C:\Program Files (x86)\ArcGIS\Desktop10.0\ArcToolbox\Toolboxes\Data Management Tools.tbx\CalculateField" Date="20130823" Time="201108">CalculateField ADMCIENMIL.Drenaje_Doble PROYECTO [OBJECTID] VB #</Process><Process ToolSource="C:\Program Files (x86)\ArcGIS\Desktop10.0\ArcToolbox\Toolboxes\Data Management Tools.tbx\CalculateField" Date="20130823" Time="201844">CalculateField ADMCIENMIL.Drenaje_Doble PROYECTO null VB #</Process><Process ToolSource="C:\Program Files (x86)\ArcGIS\Desktop10.0\ArcToolbox\Toolboxes\Data Management Tools.tbx\CalculateField" Date="20130826" Time="193727">CalculateField ADMCIENMIL.Drenaje_Doble NOMBRE_GEOGRAFICO !NOMBRE_GEOGRAFICO!.title() PYTHON_9.3 #</Process><Process ToolSource="C:\Program Files (x86)\ArcGIS\Desktop10.0\ArcToolbox\Toolboxes\Data Management Tools.tbx\CalculateField" Date="20130827" Time="193550">CalculateField ADMCIENMIL.Drenaje_Doble NOMBRE_GEOGRAFICO !NOMBRE_GEOGRAFICO!.title() PYTHON_9.3 #</Process><Process ToolSource="C:\Program Files (x86)\ArcGIS\Desktop10.0\ArcToolbox\Toolboxes\Data Management Tools.tbx\CalculateField" Date="20130904" Time="141933">CalculateField ADMCIENMIL.Drenaje_Doble PROYECTO null VB #</Process><Process ToolSource="C:\Program Files (x86)\ArcGIS\Desktop10.0\ArcToolbox\Toolboxes\Data Management Tools.tbx\CalculateField" Date="20130904" Time="142035">CalculateField ADMCIENMIL.Drenaje_Doble RESPONSABLE "Carlos Alberto Sedano Ariza" VB #</Process><Process ToolSource="C:\Program Files (x86)\ArcGIS\Desktop10.0\ArcToolbox\Toolboxes\Data Management Tools.tbx\CalculateField" Date="20150317" Time="144949">CalculateField ADMCIENMIL.Drenaje_Doble CAMBIO 1 VB #</Process><Process ToolSource="C:\Program Files (x86)\ArcGIS\Desktop10.0\ArcToolbox\Toolboxes\Data Management Tools.tbx\CalculateField" Date="20150317" Time="145115">CalculateField ADMCIENMIL.Drenaje_Doble CAMBIO 2 VB #</Process><Process ToolSource="C:\Program Files (x86)\ArcGIS\Desktop10.0\ArcToolbox\Toolboxes\Data Management Tools.tbx\CalculateField" Date="20150318" Time="151948">CalculateField ADMCIENMIL.Drenaje_Doble PROYECTO [OBJECTID] VB #</Process><Process ToolSource="C:\Program Files (x86)\ArcGIS\Desktop10.0\ArcToolbox\Toolboxes\Data Management Tools.tbx\CalculateField" Date="20150319" Time="174831">CalculateField ADMCIENMIL.Drenaje_Doble PROYECTO [OBJECTID] VB #</Process><Process ToolSource="C:\Program Files (x86)\ArcGIS\Desktop10.0\ArcToolbox\Toolboxes\Data Management Tools.tbx\CalculateField" Date="20150319" Time="175507">CalculateField ADMCIENMIL.Drenaje_Doble PROYECTO NULL VB #</Process><Process ToolSource="C:\Program Files (x86)\ArcGIS\Desktop10.0\ArcToolbox\Toolboxes\Data Management Tools.tbx\CalculateField" Date="20150324" Time="134904">CalculateField ADMCIENMIL.Drenaje_Doble PROYECTO [OBJECTID] VB #</Process><Process ToolSource="C:\Program Files (x86)\ArcGIS\Desktop10.0\ArcToolbox\Toolboxes\Data Management Tools.tbx\CalculateField" Date="20150325" Time="181057">CalculateField ADMCIENMIL.Drenaje_Doble NOMBRE_GEOGRAFICO !NOMBRE_GEOGRAFICO!.istitle() PYTHON_9.3 #</Process><Process ToolSource="C:\Program Files (x86)\ArcGIS\Desktop10.0\ArcToolbox\Toolboxes\Data Management Tools.tbx\CalculateField" Date="20150325" Time="181329">CalculateField ADMCIENMIL.Drenaje_Doble NOMBRE_GEOGRAFICO !NOMBRE_GEOGRAFICO!.title() PYTHON_9.3 #</Process><Process ToolSource="C:\Program Files (x86)\ArcGIS\Desktop10.0\ArcToolbox\Toolboxes\Data Management Tools.tbx\CalculateField" Date="20150326" Time="151806">CalculateField ADMCIENMIL.Drenaje_Doble PROYECTO [OBJECTID] VB #</Process><Process ToolSource="C:\Program Files (x86)\ArcGIS\Desktop10.0\ArcToolbox\Toolboxes\Data Management Tools.tbx\CalculateField" Date="20150408" Time="150523">CalculateField ADMCIENMIL.Drenaje_Doble PROYECTO [OBJECTID] VB #</Process><Process ToolSource="C:\Program Files (x86)\ArcGIS\Desktop10.0\ArcToolbox\Toolboxes\Data Management Tools.tbx\CalculateField" Date="20150408" Time="153454">CalculateField ADMCIENMIL.Drenaje_Doble PROYECTO NULL VB #</Process><Process ToolSource="C:\Program Files (x86)\ArcGIS\Desktop10.0\ArcToolbox\Toolboxes\Data Management Tools.tbx\CalculateField" Date="20150409" Time="160722">CalculateField ADMCIENMIL.Drenaje_Doble NOMBRE_GEOGRAFICO !NOMBRE_GEOGRAFICO!.title() PYTHON_9.3 #</Process><Process ToolSource="C:\Program Files (x86)\ArcGIS\Desktop10.0\ArcToolbox\Toolboxes\Data Management Tools.tbx\CalculateField" Date="20150410" Time="145311">CalculateField ADMCIENMIL.Drenaje_Doble PROYECTO [OBJECTID] VB #</Process><Process ToolSource="C:\Program Files (x86)\ArcGIS\Desktop10.0\ArcToolbox\Toolboxes\Data Management Tools.tbx\CalculateField" Date="20150413" Time="140155">CalculateField ADMCIENMIL.Drenaje_Doble PROYECTO [OBJECTID] VB #</Process><Process ToolSource="C:\Program Files (x86)\ArcGIS\Desktop10.0\ArcToolbox\Toolboxes\Data Management Tools.tbx\CalculateField" Date="20150413" Time="142648">CalculateField ADMCIENMIL.Drenaje_Doble PROYECTO NULL VB #</Process><Process ToolSource="C:\Program Files (x86)\ArcGIS\Desktop10.0\ArcToolbox\Toolboxes\Data Management Tools.tbx\CalculateField" Date="20150414" Time="180439">CalculateField ADMCIENMIL.Drenaje_Doble PROYECTO [OBJECTID] VB #</Process><Process ToolSource="C:\Program Files (x86)\ArcGIS\Desktop10.0\ArcToolbox\Toolboxes\Data Management Tools.tbx\CalculateField" Date="20150414" Time="182610">CalculateField ADMCIENMIL.Drenaje_Doble PROYECTO NULL VB #</Process><Process ToolSource="C:\Program Files (x86)\ArcGIS\Desktop10.0\ArcToolbox\Toolboxes\Data Management Tools.tbx\CalculateField" Date="20150415" Time="153941">CalculateField ADMCIENMIL.Drenaje_Doble PROYECTO [OBJECTID] VB #</Process><Process ToolSource="C:\Program Files (x86)\ArcGIS\Desktop10.0\ArcToolbox\Toolboxes\Data Management Tools.tbx\CalculateField" Date="20150416" Time="174827">CalculateField ADMCIENMIL.Drenaje_Doble PROYECTO [OBJECTID] VB #</Process><Process ToolSource="C:\Program Files (x86)\ArcGIS\Desktop10.0\ArcToolbox\Toolboxes\Data Management Tools.tbx\CalculateField" Date="20150416" Time="181930">CalculateField ADMCIENMIL.Drenaje_Doble PROYECTO NULL VB #</Process><Process ToolSource="C:\Program Files (x86)\ArcGIS\Desktop10.0\ArcToolbox\Toolboxes\Data Management Tools.tbx\CalculateField" Date="20150422" Time="135304">CalculateField ADMCIENMIL.Drenaje_Doble PROYECTO [OBJECTID] VB #</Process><Process ToolSource="C:\Program Files (x86)\ArcGIS\Desktop10.0\ArcToolbox\Toolboxes\Data Management Tools.tbx\CalculateField" Date="20150422" Time="144019">CalculateField ADMCIENMIL.Drenaje_Doble PROYECTO NULL VB #</Process><Process ToolSource="C:\Program Files (x86)\ArcGIS\Desktop10.0\ArcToolbox\Toolboxes\Data Management Tools.tbx\CalculateField" Date="20150423" Time="174152">CalculateField ADMCIENMIL.Drenaje_Doble PROYECTO [OBJECTID] VB #</Process><Process ToolSource="C:\Program Files (x86)\ArcGIS\Desktop10.0\ArcToolbox\Toolboxes\Data Management Tools.tbx\CalculateField" Date="20150423" Time="174432">CalculateField ADMCIENMIL.Drenaje_Doble PROYECTO NULL VB #</Process><Process ToolSource="C:\Program Files (x86)\ArcGIS\Desktop10.0\ArcToolbox\Toolboxes\Data Management Tools.tbx\CalculateField" Date="20150430" Time="150135">CalculateField ADMCIENMIL.Drenaje_Doble PROYECTO [OBJECTID] VB #</Process><Process ToolSource="C:\Program Files (x86)\ArcGIS\Desktop10.0\ArcToolbox\Toolboxes\Data Management Tools.tbx\CalculateField" Date="20150430" Time="152027">CalculateField ADMCIENMIL.Drenaje_Doble NOMBRE_GEOGRAFICO "NewString " VB "Dim NewString\nNewString = Replace( [NOMBRE_GEOGRAFICO] , "ARROYO" , "Arroyo")"</Process><Process ToolSource="C:\Program Files (x86)\ArcGIS\Desktop10.0\ArcToolbox\Toolboxes\Data Management Tools.tbx\CalculateField" Date="20150430" Time="153855">CalculateField ADMCIENMIL.Drenaje_Doble NOMBRE_GEOGRAFICO !NOMBRE_GEOGRAFICO!.title() PYTHON_9.3 #</Process><Process ToolSource="C:\Program Files (x86)\ArcGIS\Desktop10.0\ArcToolbox\Toolboxes\Data Management Tools.tbx\CalculateField" Date="20150504" Time="182317">CalculateField ADMCIENMIL.Drenaje_Doble PROYECTO [OBJECTID] VB #</Process><Process ToolSource="C:\Program Files (x86)\ArcGIS\Desktop10.0\ArcToolbox\Toolboxes\Data Management Tools.tbx\CalculateField" Date="20150504" Time="185032">CalculateField ADMCIENMIL.Drenaje_Doble NOMBRE_GEOGRAFICO !NOMBRE_GEOGRAFICO!.title() PYTHON_9.3 #</Process><Process ToolSource="C:\Program Files (x86)\ArcGIS\Desktop10.0\ArcToolbox\Toolboxes\Data Management Tools.tbx\CalculateField" Date="20150506" Time="145719">CalculateField ADMCIENMIL.Drenaje_Doble PROYECTO [OBJECTID] VB #</Process><Process ToolSource="C:\Program Files (x86)\ArcGIS\Desktop10.0\ArcToolbox\Toolboxes\Data Management Tools.tbx\CalculateField" Date="20150507" Time="181954">CalculateField ADMCIENMIL.Drenaje_Doble PROYECTO [OBJECTID] VB #</Process><Process ToolSource="C:\Program Files (x86)\ArcGIS\Desktop10.0\ArcToolbox\Toolboxes\Data Management Tools.tbx\CalculateField" Date="20150507" Time="182205">CalculateField ADMCIENMIL.Drenaje_Doble NOMBRE_GEOGRAFICO !NOMBRE_GEOGRAFICO!.title() PYTHON_9.3 #</Process><Process ToolSource="C:\Program Files (x86)\ArcGIS\Desktop10.0\ArcToolbox\Toolboxes\Data Management Tools.tbx\CalculateField" Date="20150513" Time="160145">CalculateField ADMCIENMIL.Drenaje_Doble NOMBRE_GEOGRAFICO !NOMBRE_GEOGRAFICO!.title() PYTHON_9.3 #</Process><Process ToolSource="C:\Program Files (x86)\ArcGIS\Desktop10.0\ArcToolbox\Toolboxes\Data Management Tools.tbx\CalculateField" Date="20150513" Time="160318">CalculateField ADMCIENMIL.Drenaje_Doble PROYECTO !OBJECTID! PYTHON_9.3 #</Process><Process ToolSource="C:\Program Files (x86)\ArcGIS\Desktop10.0\ArcToolbox\Toolboxes\Data Management Tools.tbx\CalculateField" Date="20150514" Time="173848">CalculateField ADMCIENMIL.Drenaje_Doble PROYECTO [OBJECTID] VB #</Process><Process ToolSource="C:\Program Files (x86)\ArcGIS\Desktop10.0\ArcToolbox\Toolboxes\Data Management Tools.tbx\CalculateField" Date="20150517" Time="105526">CalculateField ADMCIENMIL.Drenaje_Doble PROYECTO [OBJECTID] VB #</Process><Process ToolSource="C:\Program Files (x86)\ArcGIS\Desktop10.0\ArcToolbox\Toolboxes\Data Management Tools.tbx\CalculateField" Date="20150517" Time="105639">CalculateField ADMCIENMIL.Drenaje_Doble NOMBRE_GEOGRAFICO !NOMBRE_GEOGRAFICO!.title() PYTHON_9.3 #</Process><Process ToolSource="C:\Program Files (x86)\ArcGIS\Desktop10.0\ArcToolbox\Toolboxes\Data Management Tools.tbx\CalculateField" Date="20150517" Time="151436">CalculateField ADMCIENMIL.Drenaje_Doble PROYECTO [OBJECTID] VB #</Process><Process ToolSource="C:\Program Files (x86)\ArcGIS\Desktop10.0\ArcToolbox\Toolboxes\Data Management Tools.tbx\CalculateField" Date="20150528" Time="184958">CalculateField ADMCIENMIL.Drenaje_Doble NOMBRE_GEOGRAFICO !NOMBRE_GEOGRAFICO!.title() PYTHON_9.3 #</Process><Process ToolSource="C:\Program Files (x86)\ArcGIS\Desktop10.0\ArcToolbox\Toolboxes\Data Management Tools.tbx\CalculateField" Date="20150528" Time="185135">CalculateField ADMCIENMIL.Drenaje_Doble NOMBRE_GEOGRAFICO !NOMBRE_GEOGRAFICO!.title() PYTHON_9.3 #</Process><Process ToolSource="C:\Program Files (x86)\ArcGIS\Desktop10.0\ArcToolbox\Toolboxes\Data Management Tools.tbx\CalculateField" Date="20150528" Time="185213">CalculateField ADMCIENMIL.Drenaje_Doble PROYECTO !OBJECTID! PYTHON_9.3 #</Process><Process ToolSource="C:\Program Files (x86)\ArcGIS\Desktop10.0\ArcToolbox\Toolboxes\Data Management Tools.tbx\CalculateField" Date="20150529" Time="142156">CalculateField ADMCIENMIL.Drenaje_Doble PROYECTO [OBJECTID] VB #</Process><Process ToolSource="C:\Program Files (x86)\ArcGIS\Desktop10.0\ArcToolbox\Toolboxes\Data Management Tools.tbx\CalculateField" Date="20150529" Time="142357">CalculateField ADMCIENMIL.Drenaje_Doble NOMBRE_GEOGRAFICO !NOMBRE_GEOGRAFICO!.title() PYTHON_9.3 #</Process><Process ToolSource="C:\Program Files (x86)\ArcGIS\Desktop10.0\ArcToolbox\Toolboxes\Data Management Tools.tbx\CalculateField" Date="20150530" Time="124852">CalculateField ADMCIENMIL.Drenaje_Doble PROYECTO [OBJECTID] VB #</Process><Process ToolSource="C:\Program Files (x86)\ArcGIS\Desktop10.0\ArcToolbox\Toolboxes\Data Management Tools.tbx\CalculateField" Date="20150601" Time="151258">CalculateField ADMCIENMIL.Drenaje_Doble PROYECTO [OBJECTID] VB #</Process><Process ToolSource="C:\Program Files (x86)\ArcGIS\Desktop10.0\ArcToolbox\Toolboxes\Data Management Tools.tbx\CalculateField" Date="20150602" Time="130744">CalculateField ADMCIENMIL.Drenaje_Doble NOMBRE_GEOGRAFICO !NOMBRE_GEOGRAFICO!.title() PYTHON_9.3 #</Process><Process ToolSource="C:\Program Files (x86)\ArcGIS\Desktop10.0\ArcToolbox\Toolboxes\Data Management Tools.tbx\CalculateField" Date="20150602" Time="130847">CalculateField ADMCIENMIL.Drenaje_Doble PROYECTO !OBJECTID! PYTHON_9.3 #</Process><Process ToolSource="C:\Program Files (x86)\ArcGIS\Desktop10.0\ArcToolbox\Toolboxes\Data Management Tools.tbx\CalculateField" Date="20150613" Time="160419">CalculateField ADMCIENMIL.Drenaje_Doble PROYECTO [OBJECTID] VB #</Process><Process ToolSource="C:\Program Files (x86)\ArcGIS\Desktop10.0\ArcToolbox\Toolboxes\Data Management Tools.tbx\CalculateField" Date="20150616" Time="174444">CalculateField ADMCIENMIL.Drenaje_Doble PROYECTO [OBJECTID] VB #</Process><Process ToolSource="C:\Program Files (x86)\ArcGIS\Desktop10.0\ArcToolbox\Toolboxes\Data Management Tools.tbx\CalculateField" Date="20150617" Time="171822">CalculateField ADMCIENMIL.Drenaje_Doble PROYECTO [OBJECTID] VB #</Process><Process ToolSource="C:\Program Files (x86)\ArcGIS\Desktop10.0\ArcToolbox\Toolboxes\Data Management Tools.tbx\CalculateField" Date="20150620" Time="120607">CalculateField ADMCIENMIL.Drenaje_Doble PROYECTO [OBJECTID] VB #</Process><Process ToolSource="C:\Program Files (x86)\ArcGIS\Desktop10.0\ArcToolbox\Toolboxes\Data Management Tools.tbx\CalculateField" Date="20150622" Time="154611">CalculateField Drenaje_Doble NOMBRE_GEOGRAFICO Null VB #</Process><Process ToolSource="C:\Program Files (x86)\ArcGIS\Desktop10.0\ArcToolbox\Toolboxes\Data Management Tools.tbx\CalculateField" Date="20150623" Time="153056">CalculateField ADMCIENMIL.Drenaje_Doble NOMBRE_GEOGRAFICO !NOMBRE_GEOGRAFICO!.title() PYTHON_9.3 #</Process><Process ToolSource="C:\Program Files (x86)\ArcGIS\Desktop10.0\ArcToolbox\Toolboxes\Data Management Tools.tbx\CalculateField" Date="20150623" Time="153123">CalculateField ADMCIENMIL.Drenaje_Doble PROYECTO !OBJECTID! PYTHON_9.3 #</Process><Process ToolSource="C:\Program Files (x86)\ArcGIS\Desktop10.0\ArcToolbox\Toolboxes\Data Management Tools.tbx\CalculateField" Date="20150707" Time="203703">CalculateField ADMCIENMIL.Drenaje_Doble PROYECTO [OBJECTID] VB #</Process><Process ToolSource="C:\Program Files (x86)\ArcGIS\Desktop10.0\ArcToolbox\Toolboxes\Data Management Tools.tbx\CalculateField" Date="20150708" Time="193624">CalculateField ADMCIENMIL.Drenaje_Doble PROYECTO [NOMBRE_GEOGRAFICO] VB #</Process><Process ToolSource="C:\Program Files (x86)\ArcGIS\Desktop10.0\ArcToolbox\Toolboxes\Data Management Tools.tbx\CalculateField" Date="20150708" Time="194047">CalculateField ADMCIENMIL.Drenaje_Doble NOMBRE_GEOGRAFICO [PROYECTO] VB #</Process><Process ToolSource="C:\Program Files (x86)\ArcGIS\Desktop10.0\ArcToolbox\Toolboxes\Data Management Tools.tbx\CalculateField" Date="20150708" Time="194151">CalculateField ADMCIENMIL.Drenaje_Doble PROYECTO [NOMBRE_GEOGRAFICO] VB #</Process><Process ToolSource="C:\Program Files (x86)\ArcGIS\Desktop10.0\ArcToolbox\Toolboxes\Data Management Tools.tbx\CalculateField" Date="20150708" Time="194423">CalculateField ADMCIENMIL.Drenaje_Doble PROYECTO [NOMBRE_GEOGRAFICO] VB #</Process><Process ToolSource="C:\Program Files (x86)\ArcGIS\Desktop10.0\ArcToolbox\Toolboxes\Data Management Tools.tbx\CalculateField" Date="20150708" Time="203219">CalculateField ADMCIENMIL.Drenaje_Doble PROYECTO [NOMBRE_GEOGRAFICO] VB #</Process><Process ToolSource="C:\Program Files (x86)\ArcGIS\Desktop10.0\ArcToolbox\Toolboxes\Data Management Tools.tbx\CalculateField" Date="20150708" Time="203536">CalculateField ADMCIENMIL.Drenaje_Doble PROYECTO [NOMBRE_GEOGRAFICO] VB #</Process><Process ToolSource="C:\Program Files (x86)\ArcGIS\Desktop10.0\ArcToolbox\Toolboxes\Data Management Tools.tbx\CalculateField" Date="20150708" Time="204116">CalculateField ADMCIENMIL.Drenaje_Doble PROYECTO [NOMBRE_GEOGRAFICO] VB #</Process><Process ToolSource="C:\Program Files (x86)\ArcGIS\Desktop10.0\ArcToolbox\Toolboxes\Data Management Tools.tbx\CalculateField" Date="20150708" Time="204400">CalculateField ADMCIENMIL.Drenaje_Doble PROYECTO [NOMBRE_GEOGRAFICO] VB #</Process><Process ToolSource="C:\Program Files (x86)\ArcGIS\Desktop10.0\ArcToolbox\Toolboxes\Data Management Tools.tbx\CalculateField" Date="20150708" Time="205148">CalculateField ADMCIENMIL.Drenaje_Doble PROYECTO [NOMBRE_GEOGRAFICO] VB #</Process><Process ToolSource="C:\Program Files (x86)\ArcGIS\Desktop10.0\ArcToolbox\Toolboxes\Data Management Tools.tbx\CalculateField" Date="20150708" Time="205517">CalculateField ADMCIENMIL.Drenaje_Doble PROYECTO [NOMBRE_GEOGRAFICO] VB #</Process><Process ToolSource="C:\Program Files (x86)\ArcGIS\Desktop10.0\ArcToolbox\Toolboxes\Data Management Tools.tbx\CalculateField" Date="20150710" Time="153312">CalculateField ADMCIENMIL.Drenaje_Doble NOMBRE_GEOGRAFICO "Replace ([NOMBRE_GEOGRAFICO], " De ", " de ")" VB #</Process><Process ToolSource="C:\Program Files (x86)\ArcGIS\Desktop10.0\ArcToolbox\Toolboxes\Data Management Tools.tbx\CalculateField" Date="20150711" Time="082408">CalculateField ADMCIENMIL.Drenaje_Doble PROYECTO [OBJECTID] VB #</Process><Process ToolSource="C:\Program Files (x86)\ArcGIS\Desktop10.0\ArcToolbox\Toolboxes\Data Management Tools.tbx\CalculateField" Date="20150714" Time="133820">CalculateField ADMCIENMIL.Drenaje_Doble PROYECTO [OBJECTID] VB #</Process><Process ToolSource="C:\Program Files (x86)\ArcGIS\Desktop10.0\ArcToolbox\Toolboxes\Data Management Tools.tbx\CalculateField" Date="20150714" Time="151704">CalculateField ADMCIENMIL.Drenaje_Doble PROYECTO [OBJECTID] VB #</Process><Process ToolSource="C:\Program Files (x86)\ArcGIS\Desktop10.0\ArcToolbox\Toolboxes\Data Management Tools.tbx\CalculateField" Date="20150714" Time="152001">CalculateField ADMCIENMIL.Drenaje_Doble PROYECTO NULL VB #</Process><Process ToolSource="C:\Program Files (x86)\ArcGIS\Desktop10.0\ArcToolbox\Toolboxes\Data Management Tools.tbx\CalculateField" Date="20150715" Time="155509">CalculateField ADMCIENMIL.Drenaje_Doble PROYECTO [OBJECTID] VB #</Process><Process ToolSource="C:\Program Files (x86)\ArcGIS\Desktop10.0\ArcToolbox\Toolboxes\Data Management Tools.tbx\CalculateField" Date="20150724" Time="125917">CalculateField ADMCIENMIL.Drenaje_Doble PROYECTO [OBJECTID] VB #</Process><Process ToolSource="C:\Program Files (x86)\ArcGIS\Desktop10.0\ArcToolbox\Toolboxes\Data Management Tools.tbx\CalculateField" Date="20150724" Time="162449">CalculateField ADMCIENMIL.Drenaje_Doble PROYECTO NULL VB #</Process><Process ToolSource="C:\Program Files (x86)\ArcGIS\Desktop10.0\ArcToolbox\Toolboxes\Data Management Tools.tbx\CalculateField" Date="20150725" Time="183252">CalculateField ADMCIENMIL.Drenaje_Doble PROYECTO [OBJECTID] VB #</Process><Process ToolSource="C:\Program Files (x86)\ArcGIS\Desktop10.0\ArcToolbox\Toolboxes\Data Management Tools.tbx\CalculateField" Date="20150731" Time="184645">CalculateField ADMCIENMIL.Drenaje_Doble PROYECTO [OBJECTID] VB #</Process><Process ToolSource="C:\Program Files (x86)\ArcGIS\Desktop10.0\ArcToolbox\Toolboxes\Data Management Tools.tbx\CalculateField" Date="20150804" Time="181810">CalculateField ADMCIENMIL.Drenaje_Doble PROYECTO [OBJECTID] VB #</Process><Process ToolSource="C:\Program Files (x86)\ArcGIS\Desktop10.0\ArcToolbox\Toolboxes\Data Management Tools.tbx\CalculateField" Date="20150804" Time="183113">CalculateField ADMCIENMIL.Drenaje_Doble PROYECTO NULL VB #</Process><Process ToolSource="C:\Program Files (x86)\ArcGIS\Desktop10.0\ArcToolbox\Toolboxes\Data Management Tools.tbx\CalculateField" Date="20150811" Time="151345">CalculateField ADMCIENMIL.Drenaje_Doble PROYECTO [OBJECTID] VB #</Process><Process ToolSource="C:\Program Files (x86)\ArcGIS\Desktop10.0\ArcToolbox\Toolboxes\Data Management Tools.tbx\CalculateField" Date="20150812" Time="153510">CalculateField ADMCIENMIL.Drenaje_Doble PROYECTO [OBJECTID] VB #</Process><Process ToolSource="C:\Program Files (x86)\ArcGIS\Desktop10.0\ArcToolbox\Toolboxes\Data Management Tools.tbx\CalculateField" Date="20150812" Time="184336">CalculateField ADMCIENMIL.Drenaje_Doble PROYECTO [OBJECTID] VB #</Process><Process ToolSource="C:\Program Files (x86)\ArcGIS\Desktop10.0\ArcToolbox\Toolboxes\Data Management Tools.tbx\CalculateField" Date="20150812" Time="195504">CalculateField ADMCIENMIL.Drenaje_Doble PROYECTO [OBJECTID] VB #</Process><Process ToolSource="C:\Program Files (x86)\ArcGIS\Desktop10.0\ArcToolbox\Toolboxes\Data Management Tools.tbx\CalculateField" Date="20150813" Time="142829">CalculateField ADMCIENMIL.Drenaje_Doble PROYECTO [OBJECTID] VB #</Process><Process ToolSource="C:\Program Files (x86)\ArcGIS\Desktop10.0\ArcToolbox\Toolboxes\Data Management Tools.tbx\CalculateField" Date="20150818" Time="165922">CalculateField ADMCIENMIL.Drenaje_Doble PROYECTO [OBJECTID] VB #</Process><Process ToolSource="C:\Program Files (x86)\ArcGIS\Desktop10.0\ArcToolbox\Toolboxes\Data Management Tools.tbx\CalculateField" Date="20150911" Time="180228">CalculateField ADMCIENMIL.Drenaje_Doble PROYECTO [OBJECTID] VB #</Process><Process ToolSource="C:\Program Files (x86)\ArcGIS\Desktop10.0\ArcToolbox\Toolboxes\Data Management Tools.tbx\CalculateField" Date="20150911" Time="182339">CalculateField ADMCIENMIL.Drenaje_Doble PROYECTO NULL VB #</Process><Process ToolSource="C:\Program Files (x86)\ArcGIS\Desktop10.0\ArcToolbox\Toolboxes\Data Management Tools.tbx\CalculateField" Date="20150923" Time="173756">CalculateField ADMCIENMIL.Drenaje_Doble VIGENCIA "Vigente" VB #</Process><Process ToolSource="C:\Program Files (x86)\ArcGIS\Desktop10.0\ArcToolbox\Toolboxes\Data Management Tools.tbx\CalculateField" Date="20151220" Time="171954">CalculateField ADMCIENMIL.Drenaje_Doble VIGENCIA "Vigente" VB #</Process><Process ToolSource="C:\Program Files (x86)\ArcGIS\Desktop10.0\ArcToolbox\Toolboxes\Data Management Tools.tbx\CalculateField" Date="20151220" Time="172127">CalculateField ADMCIENMIL.Drenaje_Doble VIGENCIA "Vigente" VB #</Process><Process ToolSource="c:\program files (x86)\arcgis\desktop10.3\ArcToolbox\Toolboxes\Data Management Tools.tbx\CalculateField" Date="20160406" Time="171522">CalculateField AGUAS\Drenaje_Doble PROYECTO "REV" VB #</Process><Process ToolSource="c:\program files (x86)\arcgis\desktop10.3\ArcToolbox\Toolboxes\Data Management Tools.tbx\CalculateField" Date="20160407" Time="163422">CalculateField AGUAS\Drenaje_Doble PROYECTO "REV" VB #</Process><Process ToolSource="d:\program files (x86)\arcgis\desktop10.3\ArcToolbox\Toolboxes\Data Management Tools.tbx\CalculateField" Date="20160419" Time="172321">CalculateField "Superficies de Agua\Drenaje_Doble" ESCALA "100" VB #</Process><Process ToolSource="d:\program files (x86)\arcgis\desktop10.3\ArcToolbox\Toolboxes\Data Management Tools.tbx\CalculateField" Date="20160419" Time="172338">CalculateField "Superficies de Agua\Drenaje_Doble" ESCALA "400" VB #</Process><Process ToolSource="d:\program files (x86)\arcgis\desktop10.3\ArcToolbox\Toolboxes\Data Management Tools.tbx\CalculateField" Date="20160419" Time="172411">CalculateField "Superficies de Agua\Drenaje_Doble" ESCALA NULL VB #</Process><Process ToolSource="d:\program files (x86)\arcgis\desktop10.3\ArcToolbox\Toolboxes\Data Management Tools.tbx\CalculateField" Date="20160429" Time="175432">CalculateField "Superficies de Agua\Drenaje_Doble" ESCALA 350 VB #</Process><Process ToolSource="d:\program files (x86)\arcgis\desktop10.3\ArcToolbox\Toolboxes\Data Management Tools.tbx\CalculateField" Date="20160504" Time="174224">CalculateField "Superficies de Agua\Drenaje_Doble" ESCALA "150" VB #</Process><Process ToolSource="C:\Program Files (x86)\ArcGIS\Desktop10.0\ArcToolbox\Toolboxes\Data Management Tools.tbx\AddField" Date="20160508" Time="163104">AddField "Database Connections\SRDBCARTO@ADMCIENMIL.sde\ADMCIENMIL.Superficies_Agua\ADMCIENMIL.Drenaje_Doble" Escala_150 SHORT # # # # NULLABLE NON_REQUIRED #</Process><Process ToolSource="C:\Program Files (x86)\ArcGIS\Desktop10.0\ArcToolbox\Toolboxes\Data Management Tools.tbx\AddField" Date="20160508" Time="163116">AddField "Database Connections\SRDBCARTO@ADMCIENMIL.sde\ADMCIENMIL.Superficies_Agua\ADMCIENMIL.Drenaje_Doble" Escala_150 SHORT # # # # NULLABLE NON_REQUIRED #</Process><Process ToolSource="C:\Program Files (x86)\ArcGIS\Desktop10.0\ArcToolbox\Toolboxes\Data Management Tools.tbx\AddField" Date="20160508" Time="163129">AddField "Database Connections\SRDBCARTO@ADMCIENMIL.sde\ADMCIENMIL.Superficies_Agua\ADMCIENMIL.Drenaje_Doble" Escala_200 SHORT # # # # NULLABLE NON_REQUIRED #</Process><Process ToolSource="C:\Program Files (x86)\ArcGIS\Desktop10.0\ArcToolbox\Toolboxes\Data Management Tools.tbx\AddField" Date="20160508" Time="163142">AddField "Database Connections\SRDBCARTO@ADMCIENMIL.sde\ADMCIENMIL.Superficies_Agua\ADMCIENMIL.Drenaje_Doble" Escala_300 SHORT # # # # NULLABLE NON_REQUIRED #</Process><Process ToolSource="C:\Program Files (x86)\ArcGIS\Desktop10.0\ArcToolbox\Toolboxes\Data Management Tools.tbx\AddField" Date="20160508" Time="163155">AddField "Database Connections\SRDBCARTO@ADMCIENMIL.sde\ADMCIENMIL.Superficies_Agua\ADMCIENMIL.Drenaje_Doble" Escala_350 SHORT # # # # NULLABLE NON_REQUIRED #</Process><Process ToolSource="C:\Program Files (x86)\ArcGIS\Desktop10.0\ArcToolbox\Toolboxes\Data Management Tools.tbx\AddField" Date="20160508" Time="163207">AddField "Database Connections\SRDBCARTO@ADMCIENMIL.sde\ADMCIENMIL.Superficies_Agua\ADMCIENMIL.Drenaje_Doble" Escala_400 SHORT # # # # NULLABLE NON_REQUIRED #</Process><Process ToolSource="C:\Program Files (x86)\ArcGIS\Desktop10.0\ArcToolbox\Toolboxes\Data Management Tools.tbx\AddField" Date="20160508" Time="163220">AddField "Database Connections\SRDBCARTO@ADMCIENMIL.sde\ADMCIENMIL.Superficies_Agua\ADMCIENMIL.Drenaje_Doble" Escala_500 SHORT # # # # NULLABLE NON_REQUIRED #</Process><Process ToolSource="C:\Program Files (x86)\ArcGIS\Desktop10.0\ArcToolbox\Toolboxes\Data Management Tools.tbx\AddField" Date="20160508" Time="163233">AddField "Database Connections\SRDBCARTO@ADMCIENMIL.sde\ADMCIENMIL.Superficies_Agua\ADMCIENMIL.Drenaje_Doble" Escala_750 SHORT # # # # NULLABLE NON_REQUIRED #</Process><Process ToolSource="d:\program files (x86)\arcgis\desktop10.3\ArcToolbox\Toolboxes\Data Management Tools.tbx\CalculateField" Date="20160511" Time="145346">CalculateField "Superficies de Agua\Drenaje_Doble" ESCALA "400" VB #</Process><Process ToolSource="d:\program files (x86)\arcgis\desktop10.3\ArcToolbox\Toolboxes\Data Management Tools.tbx\CalculateField" Date="20160517" Time="160546">CalculateField "Superficies de Agua\Drenaje_Doble" ESCALA_350 "1" VB #</Process><Process ToolSource="c:\program files (x86)\arcgis\desktop10.3\ArcToolbox\Toolboxes\Data Management Tools.tbx\CalculateField" Date="20160704" Time="104641">CalculateField Drenaje_Doble BK_MULTI "COR" VB #</Process><Process ToolSource="c:\program files (x86)\arcgis\desktop10.3\ArcToolbox\Toolboxes\Data Management Tools.tbx\CalculateField" Date="20160704" Time="104650">CalculateField Drenaje_Doble ESCALA "350" VB #</Process><Process ToolSource="c:\program files (x86)\arcgis\desktop10.3\ArcToolbox\Toolboxes\Data Management Tools.tbx\CalculateField" Date="20160707" Time="195734">CalculateField Drenaje_Doble BK_MULTI "BOL" VB #</Process><Process ToolSource="c:\program files (x86)\arcgis\desktop10.3\ArcToolbox\Toolboxes\Data Management Tools.tbx\CalculateField" Date="20160707" Time="195744">CalculateField Drenaje_Doble ESCALA "500" VB #</Process><Process ToolSource="c:\program files (x86)\arcgis\desktop10.3\ArcToolbox\Toolboxes\Data Management Tools.tbx\CalculateField" Date="20160707" Time="200018">CalculateField Drenaje_Doble ESCALA "500" VB #</Process><Process ToolSource="c:\program files (x86)\arcgis\desktop10.3\ArcToolbox\Toolboxes\Data Management Tools.tbx\CalculateField" Date="20160707" Time="200029">CalculateField Drenaje_Doble ESCALA_350 "1" VB #</Process><Process ToolSource="c:\program files (x86)\arcgis\desktop10.3\ArcToolbox\Toolboxes\Data Management Tools.tbx\CalculateField" Date="20160801" Time="200956">CalculateField WORK\Drenaje_Doble PROYECTO "XXXX" VB #</Process><Process ToolSource="c:\program files (x86)\arcgis\desktop10.3\ArcToolbox\Toolboxes\Data Management Tools.tbx\CalculateField" Date="20160812" Time="163842">CalculateField 100K\Drenaje_Doble PROYECTO "VAU_X" VB #</Process><Process ToolSource="c:\program files (x86)\arcgis\desktop10.3\ArcToolbox\Toolboxes\Data Management Tools.tbx\CalculateField" Date="20160913" Time="191808">CalculateField Drenaje_Doble ESCALA "[ESCALA] ="500"" VB #</Process><Process ToolSource="c:\program files (x86)\arcgis\desktop10.3\ArcToolbox\Toolboxes\Data Management Tools.tbx\CalculateField" Date="20160913" Time="191824">CalculateField Drenaje_Doble ESCALA "[ESCALA] =500" VB #</Process><Process ToolSource="c:\arcgis\desktop10.3\ArcToolbox\Toolboxes\Data Management Tools.tbx\AddSpatialIndex" Date="20171122" Time="013331">AddSpatialIndex C:/Users/omar.castrillon/Desktop/grid_index/admcienmil.sde\ADMCIENMIL.Drenaje_Doble 2 0 0</Process><Process ToolSource="c:\program files (x86)\arcgis\desktop10.3\ArcToolbox\Toolboxes\Data Management Tools.tbx\CalculateField" Date="20171220" Time="114947">CalculateField Drenaje_Doble PROYECTO Null VB #</Process><Process ToolSource="c:\program files (x86)\arcgis\desktop10.3\ArcToolbox\Toolboxes\Data Management Tools.tbx\DeleteField" Date="20190610" Time="171344">DeleteField X:\2019\100K\VERSION_100K_JUNIO_2019.gdb\Superficies_Agua\Drenaje_Doble RESPONSABLE</Process><Process ToolSource="c:\program files (x86)\arcgis\desktop10.3\ArcToolbox\Toolboxes\Data Management Tools.tbx\DeleteField" Date="20190611" Time="174150">DeleteField X:\2019\100K\VERSION_100K_JUNIO_2019.gdb\Superficies_Agua\Drenaje_Doble CAMBIO</Process><Process ToolSource="c:\program files (x86)\arcgis\desktop10.3\ArcToolbox\Toolboxes\Data Management Tools.tbx\DeleteField" Date="20190611" Time="190340">DeleteField X:\2019\100K\VERSION_100K_JUNIO_2019.gdb\Superficies_Agua\Drenaje_Doble BK_MULTI</Process><Process ToolSource="c:\program files (x86)\arcgis\desktop10.3\ArcToolbox\Toolboxes\Data Management Tools.tbx\DeleteField" Date="20190611" Time="194111">DeleteField X:\2019\100K\VERSION_100K_JUNIO_2019.gdb\Superficies_Agua\Drenaje_Doble ID_MULTI</Process><Process ToolSource="c:\program files (x86)\arcgis\desktop10.3\ArcToolbox\Toolboxes\Data Management Tools.tbx\DeleteField" Date="20190612" Time="202333">DeleteField X:\2019\100K\VERSION_100K_JUNIO_2019.gdb\Superficies_Agua\Drenaje_Doble FECHA_MODIFICACION</Process><Process ToolSource="c:\program files (x86)\arcgis\desktop10.5\ArcToolbox\Toolboxes\Data Management Tools.tbx\DeleteField" Date="20190613" Time="140656">DeleteField D:\Prueba\VERSION_100K_JUNIO_2019.gdb\Superficies_Agua\Drenaje_Doble ESCALA</Process><Process ToolSource="c:\program files (x86)\arcgis\desktop10.5\ArcToolbox\Toolboxes\Data Management Tools.tbx\DeleteField" Date="20190613" Time="140701">DeleteField D:\Prueba\VERSION_100K_JUNIO_2019.gdb\Superficies_Agua\Drenaje_Doble VIGENCIA</Process><Process ToolSource="c:\program files (x86)\arcgis\desktop10.5\ArcToolbox\Toolboxes\Data Management Tools.tbx\DeleteField" Date="20190613" Time="140706">DeleteField D:\Prueba\VERSION_100K_JUNIO_2019.gdb\Superficies_Agua\Drenaje_Doble ESCALA_150</Process><Process ToolSource="c:\program files (x86)\arcgis\desktop10.5\ArcToolbox\Toolboxes\Data Management Tools.tbx\DeleteField" Date="20190613" Time="140712">DeleteField D:\Prueba\VERSION_100K_JUNIO_2019.gdb\Superficies_Agua\Drenaje_Doble ESCALA_200</Process><Process ToolSource="c:\program files (x86)\arcgis\desktop10.5\ArcToolbox\Toolboxes\Data Management Tools.tbx\DeleteField" Date="20190613" Time="140717">DeleteField D:\Prueba\VERSION_100K_JUNIO_2019.gdb\Superficies_Agua\Drenaje_Doble ESCALA_300</Process><Process ToolSource="c:\program files (x86)\arcgis\desktop10.5\ArcToolbox\Toolboxes\Data Management Tools.tbx\DeleteField" Date="20190613" Time="140722">DeleteField D:\Prueba\VERSION_100K_JUNIO_2019.gdb\Superficies_Agua\Drenaje_Doble ESCALA_350</Process><Process ToolSource="c:\program files (x86)\arcgis\desktop10.5\ArcToolbox\Toolboxes\Data Management Tools.tbx\DeleteField" Date="20190613" Time="140728">DeleteField D:\Prueba\VERSION_100K_JUNIO_2019.gdb\Superficies_Agua\Drenaje_Doble ESCALA_400</Process><Process ToolSource="c:\program files (x86)\arcgis\desktop10.5\ArcToolbox\Toolboxes\Data Management Tools.tbx\DeleteField" Date="20190613" Time="140733">DeleteField D:\Prueba\VERSION_100K_JUNIO_2019.gdb\Superficies_Agua\Drenaje_Doble ESCALA_500</Process><Process ToolSource="c:\program files (x86)\arcgis\desktop10.5\ArcToolbox\Toolboxes\Data Management Tools.tbx\DeleteField" Date="20190613" Time="140738">DeleteField D:\Prueba\VERSION_100K_JUNIO_2019.gdb\Superficies_Agua\Drenaje_Doble ESCALA_750</Process><Process ToolSource="c:\program files (x86)\arcgis\desktop10.5\ArcToolbox\Toolboxes\Data Management Tools.tbx\DeleteField" Date="20190613" Time="140743">DeleteField D:\Prueba\VERSION_100K_JUNIO_2019.gdb\Superficies_Agua\Drenaje_Doble ESCALA_100</Process><Process ToolSource="c:\program files\arcgis\pro\Resources\ArcToolbox\toolboxes\Data Management Tools.tbx\CopyMultiple" Date="20220430" Time="191855">CopyMultiple "'C:\Users\JuanMa\Downloads\Datos para GeoPandas\Carto100000_Colombia_DI_2022.gdb\Superficies_Agua\Drenaje_Doble' FeatureClass" C:\Users\JuanMa\Documents\ArcGIS\Projects\PreparacionDatos\PreparacionDatos.gdb Drenaje_Doble "Drenaje_Doble FeatureClass Drenaje_Doble #;Drenaje_Doble_Anot FeatureClass Drenaje_Doble_Anot #;Drenaje_Doble_Rel RelationshipClass Drenaje_Doble_Rel #"</Process><Process ToolSource="c:\program files\arcgis\pro\Resources\ArcToolbox\toolboxes\Data Management Tools.tbx\Rename" Date="20220430" Time="192036">Rename C:\Users\JuanMa\Documents\ArcGIS\Projects\PreparacionDatos\PreparacionDatos.gdb\Drenaje_Doble C:\Users\JuanMa\Documents\ArcGIS\Projects\PreparacionDatos\PreparacionDatos.gdb\DrenajeDoble FeatureClass</Process><Process ToolSource="c:\program files\arcgis\pro\Resources\ArcToolbox\toolboxes\Data Management Tools.tbx\CopyFeatures" Date="20220430" Time="192530">CopyFeatures DrenajeDoble "C:\Users\JuanMa\Downloads\Datos para GeoPandas\DrenajeDoble.shp" # # # #</Process></lineage><itemProps><itemLocation><linkage Sync="TRUE">file://\\JUANMA\Users\JuanMa\Downloads\Datos para GeoPandas\DrenajeDoble.shp</linkage><protocol Sync="TRUE">Local Area Network</protocol></itemLocation><itemName Sync="TRUE">DrenajeDoble</itemName><imsContentType Sync="TRUE">002</imsContentType><itemSize Sync="TRUE">0.000</itemSize></itemProps><coordRef><type Sync="TRUE">Projected</type><geogcsn Sync="TRUE">GCS_MAGNA</geogcsn><peXml Sync="TRUE">&lt;ProjectedCoordinateSystem xsi:type='typens:ProjectedCoordinateSystem' xmlns:xsi='http://www.w3.org/2001/XMLSchema-instance' xmlns:xs='http://www.w3.org/2001/XMLSchema' xmlns:typens='http://www.esri.com/schemas/ArcGIS/2.9.0'&gt;&lt;WKT&gt;PROJCS[&amp;quot;MAGNA-SIRGAS_Origen-Nacional&amp;quot;,GEOGCS[&amp;quot;GCS_MAGNA&amp;quot;,DATUM[&amp;quot;D_MAGNA&amp;quot;,SPHEROID[&amp;quot;GRS_1980&amp;quot;,6378137.0,298.257222101]],PRIMEM[&amp;quot;Greenwich&amp;quot;,0.0],UNIT[&amp;quot;Degree&amp;quot;,0.0174532925199433]],PROJECTION[&amp;quot;Transverse_Mercator&amp;quot;],PARAMETER[&amp;quot;False_Easting&amp;quot;,5000000.0],PARAMETER[&amp;quot;False_Northing&amp;quot;,2000000.0],PARAMETER[&amp;quot;Central_Meridian&amp;quot;,-73.0],PARAMETER[&amp;quot;Scale_Factor&amp;quot;,0.9992],PARAMETER[&amp;quot;Latitude_Of_Origin&amp;quot;,4.0],UNIT[&amp;quot;Meter&amp;quot;,1.0],AUTHORITY[&amp;quot;EPSG&amp;quot;,9377]]&lt;/WKT&gt;&lt;XOrigin&gt;-618700&lt;/XOrigin&gt;&lt;YOrigin&gt;-8436100&lt;/YOrigin&gt;&lt;XYScale&gt;450623577.52990448&lt;/XYScale&gt;&lt;ZOrigin&gt;-100000&lt;/ZOrigin&gt;&lt;ZScale&gt;10000&lt;/ZScale&gt;&lt;MOrigin&gt;-100000&lt;/MOrigin&gt;&lt;MScale&gt;10000&lt;/MScale&gt;&lt;XYTolerance&gt;0.001&lt;/XYTolerance&gt;&lt;ZTolerance&gt;0.001&lt;/ZTolerance&gt;&lt;MTolerance&gt;0.001&lt;/MTolerance&gt;&lt;HighPrecision&gt;true&lt;/HighPrecision&gt;&lt;WKID&gt;9377&lt;/WKID&gt;&lt;LatestWKID&gt;9377&lt;/LatestWKID&gt;&lt;/ProjectedCoordinateSystem&gt;</peXml><csUnits Sync="TRUE">Linear Unit: Meter (1.000000)</csUnits><projcsn Sync="TRUE">MAGNA-SIRGAS_Origen-Nacional</projcsn></coordRef></DataProperties><ArcGISFormat>1.0</ArcGISFormat><SyncDate>20220430</SyncDate><SyncTime>19252400</SyncTime><ModDate>20220430</ModDate><ModTime>19252400</ModTime></Esri><idinfo><citation><citeinfo><onlink Sync="TRUE">\\CARTO112\X\CARTOGRAFIA_100000\PROYECTO 2010\Pruebas\26-01-2010\100K_MAGNA_FINAL.mdb</onlink></citeinfo></citation></idinfo><distInfo><distributor><distorTran><onLineSrc><linkage Sync="TRUE">file://\\CARTO112\X\CARTOGRAFIA_100000\PROYECTO 2010\Pruebas\26-01-2010\100K_MAGNA_FINAL.mdb</linkage><protocol Sync="TRUE">Local Area Network</protocol></onLineSrc></distorTran></distributor><distFormat><formatName Sync="TRUE">Shapefile</formatName></distFormat><distTranOps><transSize Sync="TRUE">0.000</transSize></distTranOps></distInfo><dataqual><lineage><procstep><procdesc Sync="TRUE">Dataset copied.</procdesc><srcused Sync="TRUE">\\CARTO112\X\CARTOGRAFIA_100000\PROYECTO 2010\Pruebas\26-01-2010\100K_SIRGAS.mdb</srcused><date Sync="TRUE">20100126</date><time Sync="TRUE">18235800</time></procstep><procstep><procdesc Sync="TRUE">Dataset copied.</procdesc><srcused Sync="TRUE">\\CARTO112\X\CARTOGRAFIA_100000\PROYECTO 2010\Pruebas\26-01-2010\100K_MAGNA_COLOMBIA_BOGOTA_2D.mdb</srcused><date Sync="TRUE">20100126</date><time Sync="TRUE">18315200</time></procstep></lineage></dataqual><dataIdInfo><envirDesc Sync="TRUE">Microsoft Windows 10 Version 10.0 (Build 19044) ; Esri ArcGIS 12.9.2.32739</envirDesc><dataLang><languageCode value="spa" country="COL"></languageCode><countryCode value="COL" Sync="TRUE"></countryCode></dataLang><idCitation><resTitle Sync="TRUE">DrenajeDoble</resTitle><presForm><PresFormCd value="005"></PresFormCd></presForm></idCitation><descKeys><thesaName uuidref="723f6998-058e-11dc-8314-0800200c9a66"></thesaName><keyword Sync="TRUE">002</keyword></descKeys><spatRpType><SpatRepTypCd value="001"></SpatRepTypCd></spatRpType></dataIdInfo><mdLang><languageCode value="spa"></languageCode><countryCode value="COL" Sync="TRUE"></countryCode></mdLang><mdHrLv><ScopeCd value="005"></ScopeCd></mdHrLv><mdHrLvName Sync="TRUE">dataset</mdHrLvName><refSysInfo><RefSystem><refSysID><identCode code="4686"></identCode><idCodeSpace Sync="TRUE">EPSG</idCodeSpace><idVersion Sync="TRUE">9.8.12(12.8.0)</idVersion></refSysID></RefSystem></refSysInfo><spdoinfo><ptvctinf><esriterm Name="DrenajeDoble"><efeatyp Sync="TRUE">Simple</efeatyp><efeageom code="4" Sync="TRUE"></efeageom><esritopo Sync="TRUE">FALSE</esritopo><efeacnt Sync="TRUE">0</efeacnt><spindex Sync="TRUE">FALSE</spindex><linrefer Sync="TRUE">FALSE</linrefer></esriterm></ptvctinf></spdoinfo><spatRepInfo><VectSpatRep><geometObjs Name="DrenajeDoble"><geoObjTyp><GeoObjTypCd value="002" Sync="TRUE"></GeoObjTypCd></geoObjTyp><geoObjCnt Sync="TRUE">0</geoObjCnt></geometObjs><topLvl><TopoLevCd value="001" Sync="TRUE"></TopoLevCd></topLvl></VectSpatRep></spatRepInfo><eainfo><detailed Name="DrenajeDoble"><enttyp><enttypl Sync="TRUE">DrenajeDoble</enttypl><enttypt Sync="TRUE">Feature Class</enttypt><enttypc Sync="TRUE">0</enttypc></enttyp><attr><attrlabl Sync="TRUE">FID</attrlabl><attalias Sync="TRUE">FID</attalias><attrtype Sync="TRUE">OID</attrtype><attwidth Sync="TRUE">4</attwidth><atprecis Sync="TRUE">0</atprecis><attscale Sync="TRUE">0</attscale><attrdef Sync="TRUE">Internal feature number.</attrdef><attrdefs Sync="TRUE">Esri</attrdefs><attrdomv><udom Sync="TRUE">Sequential unique whole numbers that are automatically generated.</udom></attrdomv></attr><attr><attrlabl Sync="TRUE">SHAPE</attrlabl><attalias Sync="TRUE">Shape</attalias><attrtype Sync="TRUE">Geometry</attrtype><attwidth Sync="TRUE">0</attwidth><atprecis Sync="TRUE">0</atprecis><attscale Sync="TRUE">0</attscale><attrdef Sync="TRUE">Feature geometry.</attrdef><attrdefs Sync="TRUE">ESRI</attrdefs><attrdomv><udom Sync="TRUE">Coordinates defining the features.</udom></attrdomv></attr><attr><attrlabl Sync="TRUE">NOMBRE_GEO</attrlabl><attalias Sync="TRUE">NOMBRE_GEO</attalias><attrtype Sync="TRUE">String</attrtype><attwidth Sync="TRUE">50</attwidth><atprecis Sync="TRUE">0</atprecis><attscale Sync="TRUE">0</attscale></attr><attr><attrlabl Sync="TRUE">PROYECTO</attrlabl><attalias Sync="TRUE">PROYECTO</attalias><attrtype Sync="TRUE">String</attrtype><attwidth Sync="TRUE">30</attwidth><atprecis Sync="TRUE">0</atprecis><attscale Sync="TRUE">0</attscale></attr><attr><attrlabl Sync="TRUE">SYMBOL</attrlabl><attalias Sync="TRUE">SYMBOL</attalias><attrtype Sync="TRUE">String</attrtype><attwidth Sync="TRUE">254</attwidth><atprecis Sync="TRUE">0</atprecis><attscale Sync="TRUE">0</attscale></attr><attr><attrlabl Sync="TRUE">FECHA</attrlabl><attalias Sync="TRUE">FECHA</attalias><attrtype Sync="TRUE">Date</attrtype><attwidth Sync="TRUE">8</attwidth><atprecis Sync="TRUE">0</atprecis><attscale Sync="TRUE">0</attscale></attr><attr><attrlabl Sync="TRUE">RuleID</attrlabl><attalias Sync="TRUE">RULEID</attalias><attrtype Sync="TRUE">Integer</attrtype><attwidth Sync="TRUE">10</attwidth><atprecis Sync="TRUE">10</atprecis><attscale Sync="TRUE">0</attscale></attr><attr><attrlabl Sync="TRUE">PK_CUE</attrlabl><attalias Sync="TRUE">PK_CUE</attalias><attrtype Sync="TRUE">Double</attrtype><attwidth Sync="TRUE">19</attwidth><atprecis Sync="TRUE">0</atprecis><attscale Sync="TRUE">0</attscale></attr><attr><attrlabl Sync="TRUE">GLOBALID</attrlabl><attalias Sync="TRUE">GLOBALID</attalias><attrtype Sync="TRUE">String</attrtype><attwidth Sync="TRUE">38</attwidth><atprecis Sync="TRUE">0</atprecis><attscale Sync="TRUE">0</attscale></attr><attr><attrlabl Sync="TRUE">SHAPE_Leng</attrlabl><attalias Sync="TRUE">SHAPE_Leng</attalias><attrtype Sync="TRUE">Double</attrtype><attwidth Sync="TRUE">19</attwidth><atprecis Sync="TRUE">0</atprecis><attscale Sync="TRUE">0</attscale></attr><attr><attrlabl Sync="TRUE">SHAPE_Area</attrlabl><attalias Sync="TRUE">SHAPE_Area</attalias><attrtype Sync="TRUE">Double</attrtype><attwidth Sync="TRUE">19</attwidth><atprecis Sync="TRUE">0</atprecis><attscale Sync="TRUE">0</attscale><attrdef Sync="TRUE">Area of feature in internal units squared.</attrdef><attrdefs Sync="TRUE">Esri</attrdefs><attrdomv><udom Sync="TRUE">Positive real numbers that are automatically generated.</udom></attrdomv></attr></detailed></eainfo><mdDateSt Sync="TRUE">20220430</mdDateSt></metadata>
